ts_code,trade_date,open,high,low,close,pre_close,change,pct_chg,vol,amount,adj_factor
603225.SH,20180102,35.8,37.3,35.58,36.86,35.8,1.0600000000000023,2.9609,61258.79,224715.654,1.0
603225.SH,20180103,36.58,36.92,36.28,36.57,36.86,-0.28999999999999915,-0.7868,40533.3,148231.779,1.0
603225.SH,20180104,39.51,40.23,38.53,40.23,36.57,3.6599999999999966,10.0082,104712.92,413679.717,1.0
603225.SH,20180105,41.0,42.51,40.2,40.23,40.23,0.0,0.0,237050.3,978471.747,1.0
603225.SH,20180108,39.55,41.5,39.51,41.28,40.23,1.0500000000000043,2.61,124909.58,506012.528,1.0
603225.SH,20180109,42.0,42.0,40.02,40.17,41.28,-1.1099999999999994,-2.689,93657.29,382423.786,1.0
603225.SH,20180110,40.1,40.63,39.39,39.57,40.17,-0.6000000000000014,-1.4937,74676.59,297413.608,1.0
603225.SH,20180111,39.2,39.83,38.81,39.38,39.57,-0.18999999999999773,-0.4802,52839.77,207970.023,1.0
603225.SH,20180112,39.24,39.96,39.1,39.24,39.38,-0.14000000000000057,-0.3555,44657.07,176281.416,1.0
603225.SH,20180115,39.2,39.2,37.01,37.57,39.24,-1.6700000000000017,-4.2559,67840.67,256539.03,1.0
603225.SH,20180116,37.26,38.38,37.25,38.12,37.57,0.5499999999999972,1.4639,50537.54,191968.146,1.0
603225.SH,20180117,38.03,38.69,37.55,38.49,38.12,0.37000000000000455,0.9706,48897.97,187260.91,1.0
603225.SH,20180118,38.53,39.0,38.02,38.56,38.49,0.07000000000000028,0.1819,39193.38,150878.37,1.0
603225.SH,20180119,38.3,38.7,37.88,37.91,38.56,-0.6500000000000057,-1.6857,36477.29,139352.301,1.0
603225.SH,20180122,39.0,40.8,38.78,39.29,37.91,1.3800000000000026,3.6402,98702.08,391624.363,1.0
603225.SH,20180123,39.74,39.74,38.72,39.14,39.29,-0.14999999999999858,-0.3818,47758.82,186561.329,1.0
603225.SH,20180124,38.93,39.42,38.65,39.29,39.14,0.14999999999999858,0.3832,42813.43,167014.106,1.0
603225.SH,20180125,39.0,39.37,38.68,38.71,39.29,-0.5799999999999983,-1.4762,38846.75,151683.613,1.0
603225.SH,20180126,38.45,38.45,37.59,37.63,38.71,-1.0799999999999983,-2.79,52822.28,200402.055,1.0
603225.SH,20180129,37.52,38.2,37.48,37.91,37.63,0.27999999999999403,0.7441,27727.86,104976.989,1.0
603225.SH,20180130,37.81,38.15,37.69,38.12,37.91,0.21000000000000085,0.5539,21272.18,80645.339,1.0
603225.SH,20180131,38.1,39.68,37.78,39.23,38.12,1.1099999999999994,2.9119,73455.85,287386.767,1.0
603225.SH,20180201,38.9,39.68,38.63,39.53,39.23,0.30000000000000426,0.7647,67945.97,266428.461,1.0
603225.SH,20180202,39.41,39.41,35.58,37.88,39.53,-1.6499999999999986,-4.174,63320.72,238899.504,1.0
603225.SH,20180205,37.1,38.07,36.99,37.63,37.88,-0.25,-0.66,28679.18,108091.982,1.0
603225.SH,20180206,37.1,37.57,34.5,34.6,37.63,-3.030000000000001,-8.0521,55349.79,199634.537,1.0
603225.SH,20180207,35.7,35.9,34.08,35.27,34.6,0.6700000000000017,1.9364,36023.04,127225.681,1.0
603225.SH,20180208,35.1,36.3,35.1,36.22,35.27,0.9499999999999957,2.6935,27609.94,99187.317,1.0
603225.SH,20180209,35.35,36.2,35.01,35.91,36.22,-0.3100000000000023,-0.8559,32658.34,116463.305,1.0
603225.SH,20180212,36.33,36.97,36.1,36.52,35.91,0.6100000000000065,1.6987,31971.16,117090.351,1.0
603225.SH,20180213,36.8,36.83,35.8,35.9,36.52,-0.6200000000000045,-1.6977,31544.13,114940.466,1.0
603225.SH,20180214,36.01,36.1,35.15,35.42,35.9,-0.4799999999999969,-1.337,19318.75,68689.795,1.0
603225.SH,20180222,35.74,36.14,35.61,35.91,35.42,0.4899999999999949,1.3834,21426.84,76898.08,1.0
603225.SH,20180223,36.0,36.09,35.65,35.99,35.91,0.0800000000000054,0.2228,20502.01,73546.239,1.0
603225.SH,20180226,36.81,37.67,36.51,37.57,35.99,1.5799999999999983,4.3901,53926.55,200168.232,1.0
603225.SH,20180227,37.65,38.79,37.06,38.46,37.57,0.8900000000000006,2.3689,52926.33,199663.005,1.0
603225.SH,20180228,37.88,38.19,37.42,37.96,38.46,-0.5,-1.3001,37917.72,143601.232,1.0
603225.SH,20180301,37.58,38.8,37.45,38.39,37.96,0.4299999999999997,1.1328,44727.33,171875.651,1.0
603225.SH,20180302,38.0,38.33,37.46,37.59,38.39,-0.7999999999999972,-2.0839,34406.11,130215.242,1.0
603225.SH,20180305,37.6,38.2,37.43,38.07,37.59,0.4799999999999969,1.2769,27192.7,102972.632,1.0
603225.SH,20180306,38.04,38.3,37.81,38.25,38.07,0.17999999999999972,0.4728,37787.68,143729.203,1.0
603225.SH,20180307,38.28,39.21,38.19,38.62,38.25,0.36999999999999744,0.9673,58814.2,228553.871,1.0
603225.SH,20180308,38.41,38.92,38.22,38.77,38.62,0.15000000000000568,0.3884,33376.04,128695.52,1.0
603225.SH,20180309,38.78,39.15,38.53,39.02,38.77,0.25,0.6448,42502.68,165079.302,1.0
603225.SH,20180312,39.17,39.84,38.71,38.82,39.02,-0.20000000000000284,-0.5126,53191.55,208066.118,1.0
603225.SH,20180313,38.5,38.59,37.78,37.8,38.82,-1.0200000000000031,-2.6275,44863.42,170960.272,1.0
603225.SH,20180314,38.3,38.96,38.11,38.13,37.8,0.3300000000000054,0.873,42622.07,163951.773,1.0
603225.SH,20180315,37.87,38.25,37.56,37.94,38.13,-0.19000000000000483,-0.4983,27999.88,105883.622,1.0
603225.SH,20180316,37.94,38.95,37.81,38.78,37.94,0.8400000000000034,2.214,46583.41,180032.877,1.0
603225.SH,20180319,39.07,39.16,38.21,38.33,38.78,-0.45000000000000284,-1.1604,35628.61,137179.456,1.0
603225.SH,20180320,38.0,38.0,37.05,37.52,38.33,-0.8099999999999952,-2.1132,34582.32,129765.837,1.0
603225.SH,20180321,37.7175,37.9995,36.9561,37.0125,37.5201,-0.5075999999999965,-1.3529,24167.68,64398.105,1.41
603225.SH,20180322,36.6318,36.8856,35.4051,35.6307,37.0125,-1.3818000000000055,-3.7333,54850.7,139841.552,1.41
603225.SH,20180323,34.3476,34.686,32.1621,32.6979,35.6307,-2.9328000000000003,-8.2311,65556.19,156133.231,1.41
603225.SH,20180326,32.0211,33.3183,31.7955,33.1773,32.6979,0.4794000000000054,1.4661,39240.17,90775.331,1.41
603225.SH,20180327,33.5862,34.3899,33.3747,33.5862,33.1773,0.4088999999999956,1.2325,42455.76,101851.542,1.41
603225.SH,20180328,33.2901,33.4734,32.9799,33.0363,33.5862,-0.5499000000000009,-1.6373,26430.91,62211.541,1.41
603225.SH,20180329,33.276,34.545,33.2337,34.0656,33.0363,1.0293000000000063,3.1157,40141.17,96891.546,1.41
603225.SH,20180330,34.0938,34.263,33.699,34.2066,34.0656,0.14099999999999824,0.4139,28123.24,67835.45,1.41
603225.SH,20180402,34.2066,34.827,33.9387,34.3194,34.2066,0.11280000000000001,0.3298,33312.75,81210.99,1.41
603225.SH,20180403,33.84,33.84,33.135,33.2478,34.3194,-1.0716000000000037,-3.1224,30610.88,72475.603,1.41
603225.SH,20180404,33.3465,34.2912,33.3042,33.5157,33.2478,0.26790000000000447,0.8058,30448.79,72939.444,1.41
603225.SH,20180409,33.3183,33.3324,32.5992,33.0645,33.5157,-0.45120000000000005,-1.3462,27788.5,64990.054,1.41
603225.SH,20180410,32.994,33.3324,32.6838,33.2055,33.0645,0.14099999999999824,0.4264,27353.36,63909.295,1.41
603225.SH,20180411,33.3888,34.122,33.3465,33.9105,33.2055,0.7049999999999983,2.1231,40907.64,98311.365,1.41
603225.SH,20180412,33.84,34.5027,33.6426,34.1079,33.9105,0.1974000000000018,0.5821,38058.43,92118.685,1.41
603225.SH,20180413,34.0092,34.3899,33.9246,34.1643,34.1079,0.05639999999999645,0.1654,28592.98,69274.783,1.41
603225.SH,20180416,34.2348,34.2348,32.994,33.2196,34.1643,-0.9446999999999974,-2.7652,28994.28,68908.005,1.41
603225.SH,20180417,33.1491,33.4593,32.2185,32.3454,33.2196,-0.8742000000000019,-2.6316,24215.1,56164.865,1.41
603225.SH,20180418,32.6697,33.3042,32.0916,33.135,32.3454,0.7896000000000001,2.4412,30103.03,70197.554,1.41
603225.SH,20180419,33.0081,33.3747,32.8671,33.0504,33.135,-0.08459999999999468,-0.2553,21853.05,51354.486,1.41
603225.SH,20180420,32.9235,33.1068,32.007,32.0634,33.0504,-0.9870000000000019,-2.9863,21899.76,50359.442,1.41
603225.SH,20180423,32.0634,32.571,31.8378,32.3313,32.0634,0.26789999999999736,0.8355,20208.65,46086.356,1.41
603225.SH,20180424,32.5851,33.6849,32.5428,33.4452,32.3313,1.113900000000001,3.4453,32337.42,76085.297,1.41
603225.SH,20180425,33.276,33.5016,32.8953,33.4452,33.4452,0.0,0.0,25164.34,59178.225,1.41
603225.SH,20180426,33.276,33.4875,32.43,32.5569,33.4452,-0.888300000000001,-2.656,22571.79,52880.49,1.41
603225.SH,20180427,32.007,32.3313,30.5829,30.7098,32.5569,-1.8470999999999975,-5.6735,59626.08,131650.484,1.41
603225.SH,20180502,30.6957,30.8226,29.5818,29.8497,30.7098,-0.8601000000000028,-2.8007,40939.06,87151.59,1.41
603225.SH,20180503,29.61,30.6957,29.61,30.6534,29.8497,0.8037000000000027,2.6925,31746.89,68214.538,1.41
603225.SH,20180504,30.597,30.7944,30.2586,30.4983,30.6534,-0.1551000000000009,-0.506,21895.55,47436.418,1.41
603225.SH,20180507,30.5124,31.3443,30.5124,31.1892,30.4983,0.6908999999999992,2.2654,27694.81,61171.534,1.41
603225.SH,20180508,31.302,31.5417,31.0341,31.2315,31.1892,0.04230000000000089,0.1356,24121.35,53426.006,1.41
603225.SH,20180509,31.0341,31.2738,30.5688,31.0764,31.2315,-0.1551000000000009,-0.4966,29849.27,65416.885,1.41
603225.SH,20180510,31.0764,31.3302,30.9495,31.2456,31.0764,0.16920000000000002,0.5445,24254.63,53646.734,1.41
603225.SH,20180511,31.3161,31.3161,30.6111,30.738,31.2456,-0.5076,-1.6245,22365.03,48983.667,1.41
603225.SH,20180514,30.4842,30.9354,30.4842,30.8508,30.738,0.11280000000000001,0.367,16135.94,35232.384,1.41
603225.SH,20180515,30.8649,31.0059,30.6111,30.9918,30.8508,0.1410000000000018,0.457,18425.03,40276.217,1.41
603225.SH,20180516,30.9495,30.9495,30.3291,30.3432,30.9918,-0.6486000000000018,-2.0928,22947.69,49818.651,1.41
603225.SH,20180517,30.3432,33.3747,30.3009,33.3747,30.3432,3.0314999999999976,9.9907,118028.15,273361.93,1.41
603225.SH,20180518,33.7695,34.1643,32.3172,32.7966,33.3747,-0.5780999999999992,-1.7322,121375.88,286183.717,1.41
603225.SH,20180521,32.6556,33.4875,32.571,33.1914,32.7966,0.3948000000000036,1.2038,68617.01,161191.224,1.41
603225.SH,20180522,33.1914,34.545,32.7825,34.0374,33.1914,0.8459999999999965,2.5489,100075.01,240683.415,1.41
603225.SH,20180523,33.84,33.84,32.9235,33.0081,34.0374,-1.0292999999999992,-3.024,53382.34,126214.767,1.41
603225.SH,20180524,33.0363,33.2619,32.4723,33.2055,33.0081,0.1974000000000018,0.598,32591.65,75808.467,1.41
603225.SH,20180525,32.9094,33.1773,32.6133,32.6697,33.2055,-0.5358000000000018,-1.6136,31981.55,74375.532,1.41
603225.SH,20180528,32.4582,32.5851,31.6968,31.7673,32.6697,-0.9024000000000001,-2.7622,31387.91,71285.644,1.41
603225.SH,20180529,31.7673,32.2467,31.0341,31.0482,31.7673,-0.7190999999999974,-2.2636,31573.64,70474.865,1.41
603225.SH,20180530,30.456,30.4701,28.905,29.0601,31.0482,-1.9881000000000029,-6.4033,50405.33,106141.114,1.41
603225.SH,20180531,29.469,29.6946,29.0883,29.4126,29.0601,0.3525000000000027,1.213,29964.31,62549.18,1.41
603225.SH,20180601,29.2998,30.1176,29.187,29.7369,29.4126,0.32429999999999737,1.1026,30154.83,63622.307,1.41
603225.SH,20180604,29.7933,30.3432,29.7933,30.0189,29.7369,0.28200000000000003,0.9483,19435.05,41410.284,1.41
603225.SH,20180605,30.174,30.4842,29.751,30.3291,30.0189,0.3102000000000018,1.0333,27248.59,58294.907,1.41
603225.SH,20180606,30.3432,30.3432,29.9484,30.174,30.3291,-0.1551000000000009,-0.5114,20366.61,43498.487,1.41
603225.SH,20180607,30.1458,30.8085,29.4972,30.7662,30.174,0.5922000000000018,1.9626,35763.02,76429.072,1.41
603225.SH,20180608,30.5124,30.5124,29.7792,30.0189,30.7662,-0.7473000000000027,-2.429,22013.84,46972.823,1.41
603225.SH,20180611,29.9343,30.2022,29.5113,30.0894,30.0189,0.07050000000000267,0.2349,16987.05,36150.302,1.41
603225.SH,20180612,29.8356,30.3996,29.8215,30.3291,30.0894,0.23969999999999914,0.7966,22037.87,47257.329,1.41
603225.SH,20180613,30.3291,30.3573,29.6382,29.6523,30.3291,-0.6768000000000001,-2.2315,16022.1,34013.596,1.41
603225.SH,20180614,29.328,29.9343,29.1306,29.2857,29.6523,-0.3666000000000018,-1.2363,17164.12,35915.436,1.41
603225.SH,20180615,29.1165,29.7228,28.9332,29.1447,29.2857,-0.14099999999999824,-0.4815,18150.31,37653.86,1.41
603225.SH,20180619,28.6089,28.623,26.226,26.3811,29.1447,-2.7636000000000003,-9.4823,35860.85,69265.879,1.41
603225.SH,20180620,26.3811,27.1989,26.0427,26.8182,26.3811,0.43710000000000093,1.6569,25813.64,49088.128,1.41
603225.SH,20180621,26.8182,27.213,26.1132,26.1414,26.8182,-0.6768000000000001,-2.5237,17000.24,32073.544,1.41
603225.SH,20180622,25.944,26.6772,25.521,26.649,26.1414,0.5076,1.9417,15716.2,29428.2,1.41
603225.SH,20180625,26.8746,27.0015,26.2824,26.3529,26.649,-0.29609999999999914,-1.1111,14223.53,26847.574,1.41
603225.SH,20180626,25.8876,26.6208,25.662,26.4657,26.3529,0.11279999999999646,0.428,16056.38,29832.34,1.41
603225.SH,20180627,26.4939,26.8323,26.1978,26.2542,26.4657,-0.21149999999999736,-0.7991,18088.0,33999.691,1.41
603225.SH,20180628,27.213,28.8768,27.0438,27.7206,26.2542,1.4664000000000001,5.5854,62727.95,124587.565,1.41
603225.SH,20180629,27.8334,28.2564,27.495,28.1577,27.7206,0.4370999999999974,1.5768,44968.26,89010.27,1.41
603225.SH,20180702,27.9039,27.9603,27.2835,27.636,28.1577,-0.5216999999999992,-1.8528,30725.18,60250.544,1.41
603225.SH,20180703,27.9039,28.2,27.5232,28.1718,27.636,0.5358000000000018,1.9388,28233.39,55813.118,1.41
603225.SH,20180704,27.9603,29.1588,27.7911,28.1013,28.1718,-0.07050000000000267,-0.2503,36070.15,72836.495,1.41
603225.SH,20180705,27.8052,28.1295,26.4375,26.4939,28.1013,-1.6073999999999984,-5.72,30914.16,59683.196,1.41
603225.SH,20180706,26.226,27.0438,25.3941,26.4939,26.4939,0.0,0.0,24908.71,46506.506,1.41
603225.SH,20180709,26.367,27.5655,26.3247,27.495,26.4939,1.001100000000001,3.7786,24633.33,47214.458,1.41
603225.SH,20180710,28.8486,29.1165,28.0308,28.3692,27.495,0.8741999999999983,3.1795,57826.01,116825.431,1.41
603225.SH,20180711,27.6501,28.3833,27.5655,28.1859,28.3692,-0.18329999999999913,-0.6461,40405.34,80352.418,1.41
603225.SH,20180712,28.1295,28.8486,28.0872,28.6794,28.1859,0.49350000000000094,1.7509,41775.17,84776.982,1.41
603225.SH,20180713,28.4961,29.5113,28.3833,29.2293,28.6794,0.5498999999999974,1.9174,38924.38,80221.32,1.41
603225.SH,20180716,28.9896,29.751,28.9614,29.3421,29.2293,0.11280000000000001,0.3859,28651.43,59672.612,1.41
603225.SH,20180717,29.3421,29.6805,28.9896,29.5113,29.3421,0.16920000000000002,0.5766,26637.83,55519.527,1.41
603225.SH,20180718,29.2857,29.6805,28.5102,28.7922,29.5113,-0.7190999999999974,-2.4367,34787.79,71887.081,1.41
603225.SH,20180719,28.8909,29.469,28.7076,29.1306,28.7922,0.33840000000000003,1.1753,39338.4,81385.825,1.41
603225.SH,20180720,29.328,29.6805,28.8345,29.5113,29.1306,0.3806999999999974,1.3069,28568.91,59436.469,1.41
603225.SH,20180723,29.4126,31.1751,29.2293,30.879,29.5113,1.3677000000000028,4.6345,53037.19,114449.888,1.41
603225.SH,20180724,31.3302,31.9788,31.0623,31.5981,30.879,0.7190999999999974,2.3288,72674.18,162973.651,1.41
603225.SH,20180725,31.4289,31.5699,30.879,31.0059,31.5981,-0.5921999999999983,-1.8742,37927.12,83777.662,1.41
603225.SH,20180726,30.9354,31.7814,30.8226,30.8508,31.0059,-0.1551000000000009,-0.5002,34360.73,76226.276,1.41
603225.SH,20180727,30.7944,31.4994,30.3291,31.302,30.8508,0.45120000000000005,1.4625,28687.21,62918.377,1.41
603225.SH,20180730,31.3584,31.7109,30.9918,31.3302,31.302,0.02820000000000178,0.0901,37498.69,83310.064,1.41
603225.SH,20180731,31.2315,31.3725,30.597,30.9495,31.3302,-0.3807000000000009,-1.2151,19993.52,43791.574,1.41
603225.SH,20180801,30.9636,31.443,30.033,30.1599,30.9495,-0.7896000000000001,-2.5513,26968.87,58872.035,1.41
603225.SH,20180802,29.7792,30.8226,29.469,30.738,30.1599,0.5780999999999992,1.9168,45625.93,98394.26,1.41
603225.SH,20180803,30.7239,31.8378,30.4701,31.4007,30.738,0.662700000000001,2.156,49662.61,110645.044,1.41
603225.SH,20180806,30.9213,31.584,28.2564,28.2705,31.4007,-3.130200000000002,-9.9686,68060.3,142078.496,1.41
603225.SH,20180807,28.482,29.2011,27.9321,29.0742,28.2705,0.8037000000000027,2.8429,32902.65,67027.552,1.41
603225.SH,20180808,29.0601,30.0753,28.905,29.187,29.0742,0.11280000000000001,0.388,37375.69,78462.866,1.41
603225.SH,20180809,29.1306,30.6957,29.046,30.4137,29.187,1.2266999999999975,4.2029,35380.18,75737.383,1.41
603225.SH,20180810,31.2879,32.0916,30.7944,31.2456,30.4137,0.831900000000001,2.7353,46264.64,102889.945,1.41
603225.SH,20180813,31.2456,31.6827,30.7521,31.5417,31.2456,0.29609999999999914,0.9477,41328.11,91377.948,1.41
603225.SH,20180814,31.5276,31.5558,31.02,31.3161,31.5417,-0.22560000000000002,-0.7152,46384.59,102793.773,1.41
603225.SH,20180815,31.3725,31.8378,30.738,30.8508,31.3161,-0.46529999999999916,-1.4858,39048.23,86597.921,1.41
603225.SH,20180816,30.6675,31.6827,29.9484,31.4853,30.8508,0.6344999999999992,2.0567,55309.71,122103.175,1.41
603225.SH,20180817,31.8096,31.9929,30.174,30.2868,31.4853,-1.1984999999999992,-3.8065,45685.65,100540.323,1.41
603225.SH,20180820,30.0471,31.2879,29.9766,31.2456,30.2868,0.9588000000000001,3.1657,37572.49,81798.492,1.41
603225.SH,20180821,31.3161,31.5417,30.879,31.4289,31.2456,0.18329999999999913,0.5866,39922.52,88735.271,1.41
603225.SH,20180822,31.302,31.584,30.7239,30.7521,31.4289,-0.6768000000000001,-2.1534,27080.47,59776.359,1.41
603225.SH,20180823,30.5406,31.443,30.4419,31.2315,30.7521,0.4794000000000018,1.5589,30949.74,68161.881,1.41
603225.SH,20180824,31.302,31.8378,31.02,31.584,31.2315,0.35249999999999915,1.1287,32780.15,73240.921,1.41
603225.SH,20180827,31.5981,32.1903,31.0623,32.1903,31.584,0.606300000000001,1.9196,55635.58,124980.54,1.41
603225.SH,20180828,32.3031,33.1209,31.8378,32.8671,32.1903,0.6768000000000001,2.1025,68292.46,157612.631,1.41
603225.SH,20180829,32.8671,33.0786,32.3454,32.6979,32.8671,-0.16920000000000357,-0.5148,41782.96,96730.142,1.41
603225.SH,20180830,32.7402,32.9376,32.1903,32.2749,32.6979,-0.4229999999999947,-1.2937,35690.91,82221.613,1.41
603225.SH,20180831,32.2467,32.3736,31.6122,31.6545,32.2749,-0.6204000000000036,-1.9222,27755.37,62970.522,1.41
603225.SH,20180903,31.6545,32.0916,31.2879,32.0775,31.6545,0.4230000000000018,1.3363,24076.64,54163.075,1.41
603225.SH,20180904,32.1057,32.2608,31.4994,31.8942,32.0775,-0.18329999999999913,-0.5714,25265.27,57147.002,1.41
603225.SH,20180905,31.7814,32.0916,31.4853,31.4853,31.8942,-0.4089000000000027,-1.2821,20517.94,46302.674,1.41
603225.SH,20180906,31.443,31.5417,31.0764,31.0905,31.4853,-0.39480000000000004,-1.2539,15429.75,34259.047,1.41
603225.SH,20180907,31.0623,31.7109,30.879,31.4712,31.0905,0.3807000000000009,1.2245,18773.38,41855.05,1.41
603225.SH,20180910,31.302,31.4571,30.6957,30.738,31.4712,-0.7332000000000001,-2.3297,18083.0,39941.28,1.41
603225.SH,20180911,30.597,30.9636,28.5807,29.8215,30.738,-0.9164999999999992,-2.9817,31533.38,66284.128,1.41
603225.SH,20180912,29.7369,30.4701,29.3985,30.1035,29.8215,0.28200000000000003,0.9456,15000.69,31948.674,1.41
603225.SH,20180913,30.4419,30.7944,30.1176,30.738,30.1035,0.6344999999999992,2.1077,18353.13,39705.053,1.41
603225.SH,20180914,30.738,31.2879,30.5547,30.9918,30.738,0.2538000000000018,0.8257,18485.75,40663.509,1.41
603225.SH,20180917,30.879,31.0905,30.2022,30.3996,30.9918,-0.5922000000000018,-1.9108,12513.99,27039.75,1.41
603225.SH,20180918,30.315,31.443,30.033,31.2738,30.3996,0.8742000000000019,2.8757,15496.44,34026.615,1.41
603225.SH,20180919,31.3866,31.584,31.0482,31.1328,31.2738,-0.1410000000000018,-0.4509,19056.46,42390.739,1.41
603225.SH,20180920,31.2597,31.4289,31.0764,31.2174,31.1328,0.08460000000000178,0.2717,10381.98,23009.339,1.41
603225.SH,20180921,31.2174,31.4994,30.0612,31.4148,31.2174,0.19739999999999824,0.6323,21037.75,46592.383,1.41
603225.SH,20180925,31.3302,31.3725,30.8508,31.2315,31.4148,-0.18329999999999913,-0.5835,15113.92,33452.371,1.41
603225.SH,20180926,31.3584,31.8519,31.02,31.0764,31.2315,-0.1551000000000009,-0.4966,17886.17,39800.981,1.41
603225.SH,20180927,31.2597,32.007,31.0764,31.6545,31.0764,0.5780999999999992,1.8603,29120.53,65627.887,1.41
603225.SH,20180928,31.866,31.9788,31.3725,31.725,31.6545,0.07050000000000267,0.2227,18891.07,42523.752,1.41
603225.SH,20181008,31.2597,31.6686,30.456,30.456,31.725,-1.269000000000002,-4.0,19142.6,42113.686,1.41
603225.SH,20181009,30.456,30.9918,30.2022,30.2868,30.456,-0.16920000000000002,-0.5556,10759.57,23321.954,1.41
603225.SH,20181010,30.3291,30.9072,30.0753,30.8226,30.2868,0.5358000000000018,1.7691,11882.83,25776.523,1.41
603225.SH,20181011,29.61,30.1881,27.7347,27.9321,30.8226,-2.890500000000003,-9.3779,27842.37,57014.214,1.41
603225.SH,20181012,27.1566,28.4397,27.1425,28.1013,27.9321,0.16920000000000002,0.6058,19094.56,37880.625,1.41
603225.SH,20181015,28.1718,28.905,28.1295,28.482,28.1013,0.3807000000000009,1.3547,19306.4,39145.861,1.41
603225.SH,20181016,28.482,28.7076,27.5655,28.0872,28.482,-0.39480000000000004,-1.3861,14794.74,29449.804,1.41
603225.SH,20181017,28.2423,28.5102,25.5351,27.1425,28.0872,-0.944700000000001,-3.3635,26381.01,50270.132,1.41
603225.SH,20181018,26.7336,26.9451,25.521,25.6056,27.1425,-1.5368999999999993,-5.6623,17165.66,31747.477,1.41
603225.SH,20181019,25.38,26.7759,25.0839,26.5503,25.6056,0.944700000000001,3.6894,23027.88,42548.96,1.41
603225.SH,20181022,26.79,28.4679,26.79,28.1295,26.5503,1.5792000000000002,5.948,23413.25,46237.297,1.41
603225.SH,20181023,28.1436,28.482,27.8475,28.1577,28.1295,0.028199999999998226,0.1003,22144.91,44217.899,1.41
603225.SH,20181024,27.7488,28.5525,27.5373,27.9462,28.1577,-0.21149999999999736,-0.7511,18336.82,36612.424,1.41
603225.SH,20181025,27.072,27.7488,26.8605,27.6783,27.9462,-0.2679000000000009,-0.9586,15453.68,29985.244,1.41
603225.SH,20181026,28.2,28.4538,27.777,28.1718,27.6783,0.49350000000000094,1.783,15482.74,31011.124,1.41
603225.SH,20181029,28.2282,28.4256,27.5655,27.6642,28.1718,-0.5076,-1.8018,12530.63,24852.671,1.41
603225.SH,20181030,27.7629,28.482,26.7759,28.2141,27.6642,0.5498999999999974,1.9878,18600.73,37000.336,1.41
603225.SH,20181031,28.0167,29.5818,28.0026,29.5536,28.2141,1.339500000000001,4.7476,30852.79,63738.435,1.41
603225.SH,20181101,29.3985,30.1317,29.0883,29.5254,29.5536,-0.028199999999998226,-0.0954,31457.2,66092.411,1.41
603225.SH,20181102,30.0048,30.8226,29.9484,30.6957,29.5254,1.1702999999999975,3.9637,31201.33,67530.481,1.41
603225.SH,20181105,30.879,31.5699,30.4842,31.1328,30.6957,0.43710000000000093,1.424,27119.14,59824.757,1.41
603225.SH,20181106,31.1469,31.3725,30.6675,30.8649,31.1328,-0.2679000000000009,-0.8605,20311.42,44588.507,1.41
603225.SH,20181107,30.8931,31.6545,30.456,30.5265,30.8649,-0.33840000000000003,-1.0964,24339.08,53395.12,1.41
603225.SH,20181108,31.0341,31.4148,30.5265,30.6816,30.5265,0.1551000000000009,0.5081,21974.73,48293.915,1.41
603225.SH,20181109,30.5829,31.1187,30.456,30.7944,30.6816,0.11280000000000001,0.3676,15263.38,33333.146,1.41
603225.SH,20181112,30.4983,31.2315,30.3996,31.2315,30.7944,0.43710000000000093,1.4194,18937.54,41563.395,1.41
603225.SH,20181113,30.9918,31.0059,30.4278,30.9354,31.2315,-0.29609999999999914,-0.9481,25905.41,56536.674,1.41
603225.SH,20181114,30.738,30.738,29.2152,29.3844,30.9354,-1.551000000000002,-5.0137,53293.13,112478.765,1.41
603225.SH,20181115,29.328,31.3725,29.328,31.3443,29.3844,1.959900000000001,6.6699,51793.9,111495.663,1.41
603225.SH,20181116,31.2879,31.443,30.6111,30.7239,31.3443,-0.6204000000000001,-1.9793,36727.17,80309.625,1.41
603225.SH,20181119,30.9213,31.1328,30.1176,30.4701,30.7239,-0.2538000000000018,-0.8261,28258.6,61119.644,1.41
603225.SH,20181120,30.4701,30.879,30.033,30.1035,30.4701,-0.36659999999999826,-1.2031,31099.09,67322.764,1.41
603225.SH,20181121,29.5395,29.6241,28.7358,29.1165,30.1035,-0.9870000000000019,-3.2787,33350.71,68905.898,1.41
603225.SH,20181122,29.1588,29.1588,28.5948,28.8627,29.1165,-0.25379999999999825,-0.8717,22015.11,45053.327,1.41
603225.SH,20181123,28.7922,28.8063,27.6783,27.9321,28.8627,-0.9306000000000019,-3.2242,26385.81,52593.358,1.41
603225.SH,20181126,28.0308,28.2282,27.0861,27.4668,27.9321,-0.46529999999999916,-1.6658,17341.35,33862.143,1.41
603225.SH,20181127,27.5232,28.3128,27.495,27.777,27.4668,0.3102000000000018,1.1294,19440.06,38439.546,1.41
603225.SH,20181128,27.777,27.8757,27.0861,27.6501,27.777,-0.12690000000000268,-0.4569,20195.09,39325.242,1.41
603225.SH,20181129,27.918,27.9744,26.5926,26.6208,27.6501,-1.0292999999999992,-3.7226,29311.84,56551.112,1.41
603225.SH,20181130,26.6913,27.0015,26.5644,26.9451,26.6208,0.3243000000000009,1.2182,17688.85,33642.228,1.41
603225.SH,20181203,27.6783,28.2141,27.4668,27.9744,26.9451,1.0292999999999992,3.82,28154.69,55664.5,1.41
603225.SH,20181204,27.8616,28.1718,27.5373,27.7488,27.9744,-0.22560000000000002,-0.8065,23367.38,45978.163,1.41
603225.SH,20181205,27.3258,27.8616,27.2835,27.5937,27.7488,-0.1551000000000009,-0.5589,17245.39,33729.768,1.41
603225.SH,20181206,27.5937,27.6078,27.0156,27.0579,27.5937,-0.5357999999999983,-1.9417,15809.4,30492.471,1.41
603225.SH,20181207,26.9733,27.2412,26.931,27.0861,27.0579,0.028199999999998226,0.1042,17162.28,32922.47,1.41
603225.SH,20181210,26.8887,27.0438,26.3952,26.8605,27.0861,-0.22560000000000002,-0.8329,18365.35,34724.773,1.41
603225.SH,20181211,27.0015,27.2412,26.8041,27.2271,26.8605,0.3666000000000018,1.3648,15039.0,28828.975,1.41
603225.SH,20181212,27.1425,27.4386,27.1425,27.2835,27.2271,0.056400000000000006,0.2071,14114.61,27373.125,1.41
603225.SH,20181213,27.4245,27.918,27.2271,27.8052,27.2835,0.5216999999999992,1.9121,18701.66,36736.946,1.41
603225.SH,20181214,27.8052,27.9885,27.3681,27.4668,27.8052,-0.33840000000000003,-1.217,18728.39,36858.701,1.41
603225.SH,20181217,27.4527,27.7488,26.6349,26.9169,27.4668,-0.5499000000000009,-2.0021,20101.37,38475.748,1.41
603225.SH,20181218,26.8887,27.3258,26.6772,27.1284,26.9169,0.2115000000000009,0.7858,18675.66,35749.876,1.41
603225.SH,20181219,27.3399,27.4527,26.8182,26.8605,27.1284,-0.2679000000000009,-0.9875,14450.29,27731.478,1.41
603225.SH,20181220,26.931,27.0015,26.5503,26.6349,26.8605,-0.22560000000000002,-0.8399,12021.17,22746.155,1.41
603225.SH,20181221,26.5362,26.8605,25.8453,26.1696,26.6349,-0.46529999999999916,-1.747,19624.74,36600.706,1.41
603225.SH,20181224,26.1414,27.0015,25.9581,27.0015,26.1696,0.831900000000001,3.1789,18889.86,35768.54,1.41
603225.SH,20181225,26.8041,27.1002,26.3388,27.0015,27.0015,0.0,0.0,18283.32,34633.837,1.41
603225.SH,20181226,26.9733,26.9733,26.367,26.4093,27.0015,-0.5921999999999983,-2.1932,12753.54,24067.746,1.41
603225.SH,20181227,26.7759,26.9169,26.1273,26.1696,26.4093,-0.2397000000000027,-0.9076,13258.65,25021.261,1.41
603225.SH,20181228,26.7618,26.7618,26.2542,26.4375,26.1696,0.2679000000000009,1.0237,17241.39,32422.305,1.41
603225.SH,20190102,26.649,26.9874,26.508,26.5503,26.4375,0.11280000000000001,0.4267,15743.81,29780.414,1.41
603225.SH,20190103,26.4939,26.7618,26.1132,26.2119,26.5503,-0.33840000000000003,-1.2746,15815.63,29604.401,1.41
603225.SH,20190104,25.6761,26.8182,25.6761,26.7054,26.2119,0.49350000000000094,1.8827,20555.58,38429.017,1.41
603225.SH,20190107,26.8605,27.354,26.6349,27.213,26.7054,0.5076,1.9007,21563.22,41309.843,1.41
603225.SH,20190108,27.1848,27.2976,27.0297,27.1848,27.213,-0.02820000000000178,-0.1036,10870.96,20954.939,1.41
603225.SH,20190109,27.072,27.7065,27.0579,27.0579,27.1848,-0.12689999999999912,-0.4668,22047.38,42813.492,1.41
603225.SH,20190110,26.9592,27.6078,26.9592,27.2553,27.0579,0.19739999999999824,0.7295,17743.04,34397.049,1.41
603225.SH,20190111,27.1848,27.5937,26.9874,27.495,27.2553,0.2397000000000027,0.8795,14563.44,28255.481,1.41
603225.SH,20190114,27.6501,27.6501,26.7054,26.9169,27.495,-0.5781000000000027,-2.1026,18124.76,34794.245,1.41
603225.SH,20190115,27.0297,27.2835,26.8605,27.2835,26.9169,0.3666000000000018,1.362,17220.4,33069.822,1.41
603225.SH,20190116,27.354,27.3822,27.072,27.1848,27.2835,-0.0987000000000009,-0.3618,13604.76,26277.124,1.41
603225.SH,20190117,27.0579,27.3963,26.8605,26.9592,27.1848,-0.22560000000000002,-0.8299,16923.24,32578.741,1.41
603225.SH,20190118,26.9874,27.2694,26.7477,27.2553,26.9592,0.29609999999999914,1.0983,17668.0,33883.648,1.41
603225.SH,20190121,27.2976,27.6078,27.213,27.5796,27.2553,0.3243000000000009,1.1899,28552.84,55596.783,1.41
603225.SH,20190122,27.636,27.9885,27.2271,27.2835,27.5796,-0.29609999999999914,-1.0736,32534.13,63624.352,1.41
603225.SH,20190123,26.9874,28.5948,26.79,27.7065,27.2835,0.42299999999999827,1.5504,74626.07,146942.405,1.41
603225.SH,20190124,27.1848,27.213,26.3106,26.4798,27.7065,-1.2266999999999975,-4.4275,67625.48,127540.112,1.41
603225.SH,20190125,26.4375,26.4375,24.6891,24.7173,26.4798,-1.7624999999999993,-6.656,100723.8,181159.561,1.41
603225.SH,20190128,24.816,24.8583,23.97,24.0405,24.7173,-0.6768000000000001,-2.7382,54112.33,93338.848,1.41
603225.SH,20190129,24.0405,24.1392,22.8702,23.2368,24.0405,-0.8037000000000027,-3.3431,46919.59,77839.899,1.41
603225.SH,20190130,23.0112,23.6316,23.0112,23.2932,23.2368,0.056400000000000006,0.2427,24188.72,40120.761,1.41
603225.SH,20190131,23.2368,23.4483,22.4754,22.9407,23.2932,-0.35249999999999915,-1.5133,29700.9,48521.545,1.41
603225.SH,20190201,23.2368,23.829,23.0394,23.8008,22.9407,0.8600999999999992,3.7492,27258.06,45495.247,1.41
603225.SH,20190211,23.7867,24.1956,23.7867,24.1533,23.8008,0.3525000000000027,1.481,42298.77,72014.61,1.41
603225.SH,20190212,24.1815,24.3789,23.8713,24.2379,24.1533,0.08459999999999823,0.3503,51704.22,88645.881,1.41
603225.SH,20190213,24.2379,24.4635,24.0405,24.4071,24.2379,0.16920000000000002,0.6981,43039.6,74159.76,1.41
603225.SH,20190214,24.3789,24.4917,24.252,24.3507,24.4071,-0.056400000000000006,-0.2311,35366.53,61119.923,1.41
603225.SH,20190215,24.3648,24.393,23.9982,24.0264,24.3507,-0.3243000000000009,-1.3318,40621.49,69461.951,1.41
603225.SH,20190218,24.111,24.8865,24.111,24.8442,24.0264,0.8178000000000019,3.4038,63523.72,110521.072,1.41
603225.SH,20190219,25.098,25.1403,24.4071,24.7455,24.8442,-0.0987000000000009,-0.3973,54758.65,96052.982,1.41
603225.SH,20190220,24.675,24.957,24.4776,24.675,24.7455,-0.07049999999999912,-0.2849,38011.7,66610.851,1.41
603225.SH,20190221,24.7455,24.9147,24.4353,24.4917,24.675,-0.18329999999999913,-0.7429,44907.11,78567.151,1.41
603225.SH,20190222,24.393,24.7314,24.2097,24.7173,24.4917,0.22560000000000002,0.9211,54927.89,95238.369,1.41
603225.SH,20190225,24.957,25.7748,24.7737,25.6761,24.7173,0.9588000000000001,3.8791,103250.84,185338.4,1.41
603225.SH,20190226,25.7043,26.4939,25.2672,25.8594,25.6761,0.18329999999999913,0.7139,109022.91,199817.429,1.41
603225.SH,20190227,25.7325,26.3247,25.6056,25.944,25.8594,0.08459999999999823,0.3272,74079.03,136674.619,1.41
603225.SH,20190228,26.0286,26.4939,25.9017,26.2965,25.944,0.3525000000000027,1.3587,55843.63,103618.042,1.41
603225.SH,20190301,26.3106,26.4798,25.803,26.1555,26.2965,-0.1410000000000018,-0.5362,51102.28,94452.134,1.41
603225.SH,20190304,26.1978,26.8605,26.1978,26.4798,26.1555,0.3243000000000009,1.2399,89773.9,168807.295,1.41
603225.SH,20190305,26.367,26.6772,26.1978,26.6349,26.4798,0.15509999999999735,0.5857,64374.4,120504.206,1.41
603225.SH,20190306,26.6772,27.5937,26.6772,27.5937,26.6349,0.9588000000000001,3.5998,112276.34,216629.59,1.41
603225.SH,20190307,27.5091,30.3573,27.354,29.5254,27.5937,1.9317000000000029,7.0005,156552.73,322213.281,1.41
603225.SH,20190308,28.905,31.7955,28.5243,29.5959,29.5254,0.07049999999999912,0.2388,154237.99,330437.545,1.41
603225.SH,20190311,30.456,31.5558,29.751,31.3725,29.5959,1.7765999999999984,6.0029,125196.34,272708.259,1.41
603225.SH,20190312,31.725,32.2185,30.1317,30.9495,31.3725,-0.42299999999999827,-1.3483,138967.35,306101.474,1.41
603225.SH,20190313,30.8367,30.8508,28.7076,29.187,30.9495,-1.7624999999999993,-5.6948,119069.95,251372.608,1.41
603225.SH,20190314,28.8345,29.5677,27.7206,28.2705,29.187,-0.9165000000000028,-3.1401,110182.43,222004.095,1.41
603225.SH,20190315,28.2705,28.8909,28.2423,28.623,28.2705,0.3525000000000027,1.2469,72388.98,146397.026,1.41
603225.SH,20190318,28.7499,30.7239,28.5525,30.6252,28.623,2.0021999999999984,6.9951,121035.69,256784.31,1.41
603225.SH,20190319,30.2445,30.456,29.6523,30.3291,30.6252,-0.29609999999999914,-0.9669,87155.16,185818.516,1.41
603225.SH,20190320,30.1458,31.0059,29.469,30.9918,30.3291,0.662700000000001,2.185,92907.69,199142.431,1.41
603225.SH,20190321,30.7803,30.7803,29.4972,29.892,30.9918,-1.0998000000000019,-3.5487,120117.91,255140.394,1.41
603225.SH,20190322,30.0048,30.2304,29.3562,30.0048,29.892,0.11280000000000001,0.3774,74331.52,157282.426,1.41
603225.SH,20190325,29.469,31.4853,29.2575,30.5265,30.0048,0.5216999999999992,1.7387,106572.31,230868.129,1.41
603225.SH,20190326,30.9918,31.161,29.6946,29.9766,30.5265,-0.5498999999999974,-1.8014,73054.52,156787.428,1.41
603225.SH,20190327,30.0612,30.2868,29.0037,29.3139,29.9766,-0.662700000000001,-2.2107,61273.92,127977.962,1.41
603225.SH,20190328,29.5066,29.5863,28.093,28.1926,29.3075,-1.1149000000000022,-3.8041,59994.16,86619.942,1.991
603225.SH,20190329,27.8541,29.865,27.7944,28.9691,28.1926,0.7765000000000022,2.7543,99563.53,144053.897,1.991
603225.SH,20190401,29.1084,30.1836,28.8894,29.6659,28.9691,0.6967999999999996,2.4053,130652.73,194488.546,1.991
603225.SH,20190402,29.6659,30.6017,29.2677,29.5066,29.6659,-0.15930000000000177,-0.537,114743.91,172232.565,1.991
603225.SH,20190403,29.5066,31.1592,29.427,30.7211,29.5066,1.214500000000001,4.116,169960.6,258822.331,1.991
603225.SH,20190404,30.7211,31.3583,30.0044,30.9202,30.7211,0.1991000000000014,0.6481,147683.81,227790.64,1.991
603225.SH,20190408,33.0506,33.7674,31.856,32.1347,30.9202,1.214500000000001,3.9279,223605.93,365735.976,1.991
603225.SH,20190409,32.1347,32.1347,31.1791,31.4379,32.1347,-0.6968000000000032,-2.1684,98691.8,156077.098,1.991
603225.SH,20190410,30.98,31.5773,30.761,31.0397,31.4379,-0.3981999999999992,-1.2666,74875.63,117020.099,1.991
603225.SH,20190411,30.9601,31.1392,29.9247,29.9646,31.0397,-1.075099999999999,-3.4636,71719.03,109480.423,1.991
603225.SH,20190412,29.9845,30.4026,29.9247,30.2433,29.9646,0.2787000000000006,0.9301,40338.68,61091.931,1.991
603225.SH,20190415,30.6017,30.7211,29.646,29.6858,30.2433,-0.557500000000001,-1.8434,62933.57,95597.237,1.991
603225.SH,20190416,29.3673,30.1039,28.8894,30.0044,29.6858,0.3186,1.0732,55051.76,81503.238,1.991
603225.SH,20190417,30.0442,30.2234,29.7256,30.0442,30.0044,0.03979999999999961,0.1326,49566.46,74716.714,1.991
603225.SH,20190418,29.7655,29.9646,29.4071,29.4867,30.0442,-0.557500000000001,-1.8556,42306.86,62981.529,1.991
603225.SH,20190419,29.4071,29.5863,29.0487,29.5265,29.4867,0.03979999999999961,0.135,40391.58,59444.85,1.991
603225.SH,20190422,29.7256,29.7655,29.0686,29.1283,29.5265,-0.3981999999999992,-1.3486,39242.54,57915.683,1.991
603225.SH,20190423,28.8695,29.4668,28.8695,28.9292,29.1283,-0.19909999999999783,-0.6835,35403.5,51766.827,1.991
603225.SH,20190424,28.9691,29.6062,28.8297,29.6062,28.9292,0.6769999999999996,2.3402,41889.18,61459.85,1.991
603225.SH,20190425,29.5863,29.6062,28.4116,28.4713,29.6062,-1.1349000000000018,-3.8333,43985.96,64113.515,1.991
603225.SH,20190426,28.2722,28.7102,28.2722,28.3917,28.4713,-0.07959999999999923,-0.2796,34265.72,49048.186,1.991
603225.SH,20190429,28.4713,28.77,26.8586,26.8785,28.3917,-1.5132000000000012,-5.3297,50887.21,70304.227,1.991
603225.SH,20190430,27.0776,27.5355,26.998,27.4161,26.8785,0.5376000000000012,2.0001,26833.46,36820.797,1.991
603225.SH,20190506,26.6197,26.6197,24.7879,25.0269,27.4161,-2.389199999999999,-8.7146,59214.44,76546.732,1.991
603225.SH,20190507,25.2658,25.9626,25.1264,25.883,25.0269,0.8560999999999979,3.4207,50097.36,64451.288,1.991
603225.SH,20190508,25.3853,26.5998,25.0866,25.9826,25.883,0.09960000000000235,0.3848,40123.55,52720.655,1.991
603225.SH,20190509,25.8631,26.3409,25.7038,25.7436,25.9826,-0.23900000000000077,-0.9198,27284.78,35520.724,1.991
603225.SH,20190510,25.8034,26.5201,25.226,26.2414,25.7436,0.497799999999998,1.9337,41653.27,54575.879,1.991
603225.SH,20190513,25.9228,26.1219,25.7237,25.8631,26.2414,-0.3782999999999994,-1.4416,22136.05,28779.518,1.991
603225.SH,20190514,25.4848,26.0025,25.3853,25.5246,25.8631,-0.3384999999999998,-1.3088,25152.92,32432.246,1.991
603225.SH,20190515,25.7436,25.9626,25.5246,25.8034,25.5246,0.2788000000000004,1.0923,29970.27,38805.23,1.991
603225.SH,20190516,25.8631,25.9427,25.5844,25.9228,25.8034,0.11939999999999884,0.4627,29604.77,38365.121,1.991
603225.SH,20190517,25.9427,26.2215,24.8477,24.9472,25.9228,-0.9756,-3.7635,43785.04,55948.884,1.991
603225.SH,20190520,25.1065,25.1065,24.0911,24.4097,24.9472,-0.5374999999999979,-2.1546,33961.0,41513.881,1.991
603225.SH,20190521,24.4495,25.1463,24.4097,24.9671,24.4097,0.5573999999999977,2.2835,29616.29,37012.852,1.991
603225.SH,20190522,25.0269,25.3056,24.6287,24.7879,24.9671,-0.17919999999999803,-0.7177,19431.39,24342.044,1.991
603225.SH,20190523,24.6884,24.6884,24.2106,24.2305,24.7879,-0.5574000000000012,-2.2487,21750.58,26617.037,1.991
603225.SH,20190524,24.2106,24.4694,24.0911,24.1907,24.2305,-0.03979999999999961,-0.1643,15248.38,18569.306,1.991
603225.SH,20190527,24.1907,24.8875,24.1907,24.7282,24.1907,0.5375000000000014,2.2219,25657.97,31761.631,1.991
603225.SH,20190528,24.6884,25.0667,24.6287,24.7083,24.7282,-0.019899999999999807,-0.0805,23630.93,29536.807,1.991
603225.SH,20190529,24.7083,25.0269,24.5889,24.8477,24.7083,0.13939999999999841,0.5642,18919.6,23641.745,1.991
603225.SH,20190530,24.8278,24.9074,24.5689,24.8278,24.8477,-0.019899999999999807,-0.0801,16940.57,21003.968,1.991
603225.SH,20190531,24.8278,25.226,24.8278,24.9871,24.8278,0.15930000000000177,0.6416,19646.38,24720.829,1.991
603225.SH,20190603,24.8477,24.9671,24.4893,24.5092,24.9871,-0.47790000000000177,-1.9126,21855.07,27056.233,1.991
603225.SH,20190604,24.4893,24.8676,24.33,24.4694,24.5092,-0.03979999999999961,-0.1624,15009.86,18501.01,1.991
603225.SH,20190605,24.7282,24.7879,24.3499,24.3898,24.4694,-0.07959999999999923,-0.3253,14508.04,17878.985,1.991
603225.SH,20190606,24.3698,24.4097,23.5137,23.7526,24.3898,-0.6372,-2.6126,21875.6,26336.99,1.991
603225.SH,20190610,23.9916,24.2504,23.8124,24.0712,23.7526,0.3186,1.3413,14595.05,17616.663,1.991
603225.SH,20190611,24.0712,24.8875,24.0712,24.8477,24.0712,0.7764999999999986,3.2258,29330.15,36253.421,1.991
603225.SH,20190612,24.5092,25.1065,24.5092,24.8477,24.8477,0.0,0.0,18071.13,22605.821,1.991
603225.SH,20190613,24.9871,24.9871,24.5889,24.9273,24.8477,0.07959999999999923,0.3204,16817.66,20949.74,1.991
603225.SH,20190614,24.9273,25.007,24.1309,24.3101,24.9273,-0.6172000000000004,-2.476,21207.74,26181.821,1.991
603225.SH,20190617,24.1309,24.6884,24.111,24.6088,24.3101,0.2987000000000002,1.2287,14460.24,17787.199,1.991
603225.SH,20190618,24.5689,24.8875,24.549,24.7083,24.6088,0.09950000000000259,0.4043,20092.64,24947.399,1.991
603225.SH,20190619,25.226,25.3853,24.8676,24.8676,24.7083,0.15929999999999822,0.6447,26519.55,33346.042,1.991
603225.SH,20190620,24.8875,25.3454,24.8079,25.2857,24.8676,0.41809999999999903,1.6813,33989.76,42936.45,1.991
603225.SH,20190621,25.4848,25.7436,25.4052,25.6441,25.2857,0.35840000000000316,1.4174,30569.81,39322.333,1.991
603225.SH,20190624,25.6839,25.8034,25.2061,25.4251,25.6441,-0.2190000000000012,-0.854,22516.37,28708.665,1.991
603225.SH,20190625,25.6043,25.6043,24.768,25.0866,25.4251,-0.3384999999999998,-1.3314,24792.49,31225.097,1.991
603225.SH,20190626,25.0866,25.4251,24.8278,25.2658,25.0866,0.17919999999999803,0.7143,22628.7,28558.646,1.991
603225.SH,20190627,25.4251,26.2414,25.2459,25.7635,25.2658,0.4977000000000018,1.9699,65168.13,84310.646,1.991
603225.SH,20190628,25.4848,25.6242,24.7879,24.8676,25.7635,-0.895900000000001,-3.4774,43772.63,55099.701,1.991
603225.SH,20190701,25.3255,26.1817,25.1862,26.0423,24.8676,1.1747000000000014,4.7238,62709.91,80969.765,1.991
603225.SH,20190702,26.2016,27.5754,25.7038,27.2966,26.0423,1.2543000000000006,4.8164,91953.26,122771.319,1.991
603225.SH,20190703,26.7391,27.0179,26.1817,26.3608,27.2966,-0.9358000000000004,-3.4283,81043.38,108139.488,1.991
603225.SH,20190704,26.2812,26.5599,25.7834,25.9427,26.3608,-0.4181000000000026,-1.5861,46137.62,60567.786,1.991
603225.SH,20190705,25.7436,25.9626,25.5047,25.9029,25.9427,-0.03979999999999961,-0.1534,28373.0,36728.06,1.991
603225.SH,20190708,25.9029,25.9029,24.9074,24.9472,25.9029,-0.9557000000000002,-3.6895,36024.99,45643.682,1.991
603225.SH,20190709,24.9273,25.226,24.6884,25.1065,24.9472,0.15930000000000177,0.6385,21165.0,26535.159,1.991
603225.SH,20190710,25.1463,25.2658,24.7282,24.8875,25.1065,-0.2190000000000012,-0.8723,18006.32,22555.277,1.991
603225.SH,20190711,25.0269,25.1862,24.7481,24.8278,24.8875,-0.05969999999999942,-0.2399,16996.84,21334.972,1.991
603225.SH,20190712,24.768,25.0866,24.768,24.9074,24.8278,0.07959999999999923,0.3206,14907.36,18648.143,1.991
603225.SH,20190715,24.9871,25.1662,24.2305,24.8477,24.9074,-0.05969999999999942,-0.2397,20925.73,25912.669,1.991
603225.SH,20190716,24.6486,24.9671,24.6486,24.768,24.8477,-0.079699999999999,-0.3208,16289.25,20252.651,1.991
603225.SH,20190717,24.8278,24.9074,24.6287,24.7481,24.768,-0.019899999999999807,-0.0803,14459.97,18023.272,1.991
603225.SH,20190718,24.6685,24.6685,24.2902,24.3101,24.7481,-0.4380000000000024,-1.7698,16289.93,19981.0,1.991
603225.SH,20190719,24.33,24.6685,24.33,24.3698,24.3101,0.05970000000000297,0.2456,13080.32,16109.788,1.991
603225.SH,20190722,24.3898,24.7879,23.7725,23.9517,24.3698,-0.4181000000000026,-1.7156,21052.68,25425.438,1.991
603225.SH,20190723,23.9517,24.3499,23.8323,24.1309,23.9517,0.17920000000000158,0.7482,9825.34,11933.395,1.991
603225.SH,20190724,24.2504,24.4495,24.1907,24.2305,24.1309,0.0995999999999988,0.4127,15125.76,18488.749,1.991
603225.SH,20190725,24.2703,24.3698,24.0911,24.1707,24.2305,-0.05979999999999919,-0.2468,14378.57,17466.756,1.991
603225.SH,20190726,24.1907,24.2504,24.0314,24.2504,24.1707,0.079699999999999,0.3297,12227.17,14845.815,1.991
603225.SH,20190729,24.2305,24.4097,24.1907,24.3898,24.2504,0.13940000000000197,0.5748,13543.68,16551.643,1.991
603225.SH,20190730,24.4694,25.0468,24.4296,24.8079,24.3898,0.41809999999999903,1.7142,30601.84,38176.732,1.991
603225.SH,20190731,24.768,24.7879,24.5291,24.549,24.8079,-0.2589000000000006,-1.0436,16089.76,19907.167,1.991
603225.SH,20190801,24.549,24.8676,24.4495,24.6685,24.549,0.11950000000000216,0.4868,16833.03,20834.092,1.991
603225.SH,20190802,24.1707,24.4296,23.892,24.2504,24.6685,-0.4181000000000026,-1.6949,23158.91,28149.974,1.991
603225.SH,20190805,24.3101,24.3898,23.8124,23.8124,24.2504,-0.43799999999999883,-1.8062,20593.23,24875.196,1.991
603225.SH,20190806,23.4739,23.4739,22.2793,22.7571,23.8124,-1.055299999999999,-4.4317,39303.03,45071.117,1.991
603225.SH,20190807,22.9363,23.1752,22.4784,22.5381,22.7571,-0.2190000000000012,-0.9623,17191.54,19647.381,1.991
603225.SH,20190808,22.6974,22.8169,22.5979,22.6974,22.5381,0.15929999999999822,0.7068,14973.28,17061.104,1.991
603225.SH,20190809,22.7372,22.8965,22.1997,22.2594,22.6974,-0.43799999999999883,-1.9297,21226.37,23936.615,1.991
603225.SH,20190812,22.4983,22.6974,22.339,22.6775,22.2594,0.41809999999999903,1.8783,19616.41,22228.411,1.991
603225.SH,20190813,22.6775,22.7969,22.4983,22.777,22.6775,0.09950000000000259,0.4388,14918.09,16989.155,1.991
603225.SH,20190814,23.1354,23.1952,22.7173,22.7571,22.777,-0.019899999999999807,-0.0874,15634.92,17978.355,1.991
603225.SH,20190815,22.1001,22.6377,22.0006,22.5779,22.7571,-0.17920000000000158,-0.7874,18932.97,21198.76,1.991
603225.SH,20190816,22.558,22.7571,22.3987,22.4585,22.5779,-0.11939999999999884,-0.5288,18464.92,20917.231,1.991
603225.SH,20190819,22.5979,23.0757,22.4187,23.0558,22.4585,0.5973000000000006,2.6596,24100.94,27669.942,1.991
603225.SH,20190820,23.0757,23.235,22.8965,22.9363,23.0558,-0.11950000000000216,-0.5183,15998.07,18515.42,1.991
603225.SH,20190821,22.9761,23.0359,22.8169,22.9363,22.9363,0.0,0.0,12224.75,14082.208,1.991
603225.SH,20190822,23.0359,23.0558,22.777,22.9961,22.9363,0.05979999999999919,0.2607,14750.86,17011.878,1.991
603225.SH,20190823,22.8965,22.9961,22.6377,22.6775,22.9961,-0.3186,-1.3855,22963.26,26268.567,1.991
603225.SH,20190826,22.2992,22.3788,22.0603,22.2395,22.6775,-0.43799999999999883,-1.9314,29644.77,33053.445,1.991
603225.SH,20190827,22.3191,22.6775,22.2992,22.6377,22.2395,0.3981999999999992,1.7905,20710.14,23455.921,1.991
603225.SH,20190828,22.5182,22.9164,22.4585,22.6974,22.6377,0.05969999999999942,0.2637,18822.62,21509.105,1.991
603225.SH,20190829,22.7372,23.235,22.6775,22.9961,22.6974,0.2987000000000002,1.316,28289.06,32707.506,1.991
603225.SH,20190830,23.0956,23.235,22.4983,22.5979,22.9961,-0.3981999999999992,-1.7316,23974.04,27447.073,1.991
603225.SH,20190902,22.3987,23.0359,22.3788,22.9761,22.5979,0.37819999999999965,1.6736,22080.34,25341.525,1.991
603225.SH,20190903,23.1752,23.2151,22.8169,23.016,22.9761,0.03989999999999938,0.1737,19657.32,22697.447,1.991
603225.SH,20190904,22.9164,23.6133,22.9164,23.4739,23.016,0.4579000000000022,1.9895,41685.58,48647.319,1.991
603225.SH,20190905,23.5934,23.8323,23.3942,23.4341,23.4739,-0.03979999999999961,-0.1696,46423.45,55146.255,1.991
603225.SH,20190906,23.4341,23.6531,23.3146,23.5137,23.4341,0.07959999999999923,0.3397,28012.71,33024.107,1.991
603225.SH,20190909,23.7924,23.8721,23.4938,23.7924,23.5137,0.2787000000000006,1.1853,35894.89,42735.371,1.991
603225.SH,20190910,23.8323,24.1309,23.7725,24.0513,23.7924,0.2589000000000006,1.0882,30179.67,36310.574,1.991
603225.SH,20190911,24.1309,24.2703,23.892,23.9318,24.0513,-0.11950000000000216,-0.4969,24834.44,29960.597,1.991
603225.SH,20190912,23.9716,24.1907,23.9517,24.1309,23.9318,0.1991000000000014,0.8319,18534.59,22439.244,1.991
603225.SH,20190916,24.3898,24.7879,23.8721,24.0513,24.1309,-0.07959999999999923,-0.3299,40275.91,49137.606,1.991
603225.SH,20190917,23.9119,24.6685,23.7924,23.9318,24.0513,-0.11950000000000216,-0.4969,47966.66,58400.771,1.991
603225.SH,20190918,23.8522,24.111,23.5336,23.5734,23.9318,-0.3583999999999996,-1.4976,23255.13,27631.924,1.991
603225.SH,20190919,23.5734,23.6929,23.3544,23.6133,23.5734,0.03989999999999938,0.1693,21006.39,24778.099,1.991
603225.SH,20190920,23.6133,23.6531,23.3743,23.4739,23.6133,-0.13939999999999841,-0.5903,20390.51,24050.721,1.991
603225.SH,20190923,23.3942,23.4142,22.9164,22.9961,23.4739,-0.477800000000002,-2.0355,23064.95,26724.001,1.991
603225.SH,20190924,23.016,23.1952,22.8169,22.9562,22.9961,-0.03989999999999938,-0.1735,17503.52,20239.003,1.991
603225.SH,20190925,22.9562,22.9562,22.5182,22.6377,22.9562,-0.3185000000000002,-1.3874,22804.09,25988.773,1.991
603225.SH,20190926,22.6377,22.8766,22.5381,22.5979,22.6377,-0.03979999999999961,-0.1758,20445.59,23315.646,1.991
603225.SH,20190927,22.5979,22.8567,22.3788,22.6974,22.5979,0.09949999999999903,0.4403,14722.72,16775.962,1.991
603225.SH,20190930,22.7372,23.0359,22.4983,22.7372,22.6974,0.039800000000003166,0.1754,14575.2,16744.008,1.991
603225.SH,20191008,22.6775,22.9761,22.6775,22.777,22.7372,0.03979999999999961,0.175,13917.21,15935.071,1.991
603225.SH,20191009,22.6974,22.9363,22.4386,22.8766,22.777,0.0995999999999988,0.4373,15856.91,18047.051,1.991
603225.SH,20191010,22.8567,22.9761,22.7173,22.8766,22.8766,0.0,0.0,14439.98,16575.804,1.991
603225.SH,20191011,22.8766,23.1553,22.777,23.0956,22.8766,0.2190000000000012,0.9573,18800.11,21687.764,1.991
603225.SH,20191014,23.2151,23.4938,23.1155,23.2151,23.0956,0.11949999999999861,0.5174,23570.94,27551.586,1.991
603225.SH,20191015,23.1155,23.2151,22.8766,23.1752,23.2151,-0.03989999999999938,-0.1719,15672.81,18132.249,1.991
603225.SH,20191016,23.1952,23.3345,22.9761,22.9961,23.1752,-0.1791000000000018,-0.7728,13924.09,16206.573,1.991
603225.SH,20191017,23.0757,23.7526,22.9562,23.4938,22.9961,0.4977000000000018,2.1643,48340.52,56987.9,1.991
603225.SH,20191018,23.5535,23.7526,23.0757,23.2549,23.4938,-0.238900000000001,-1.0169,27612.0,32516.819,1.991
603225.SH,20191021,23.1752,23.1752,22.6178,22.8169,23.2549,-0.43799999999999883,-1.8835,20531.33,23503.277,1.991
603225.SH,20191022,22.8965,22.8965,22.6377,22.8368,22.8169,0.019899999999999807,0.0872,10918.04,12488.103,1.991
603225.SH,20191023,22.8965,22.9363,22.7173,22.7969,22.8368,-0.03989999999999938,-0.1747,13301.83,15230.854,1.991
603225.SH,20191024,22.7969,22.9164,22.6377,22.8169,22.7969,0.019999999999999574,0.0877,11574.52,13242.08,1.991
603225.SH,20191025,22.9761,22.9761,22.6974,22.8567,22.8169,0.03979999999999961,0.1744,10811.79,12398.99,1.991
603225.SH,20191028,22.9761,23.0757,22.8567,23.0359,22.8567,0.17920000000000158,0.784,22202.39,25576.099,1.991
603225.SH,20191029,23.0956,23.0956,22.7173,22.7173,23.0359,-0.3186,-1.3831,16306.02,18763.983,1.991
603225.SH,20191030,22.777,22.8766,22.5979,22.5979,22.7173,-0.1194000000000024,-0.5256,13605.29,15500.246,1.991
603225.SH,20191031,22.9961,23.0359,22.6178,22.6178,22.5979,0.019899999999999807,0.0881,18666.02,21380.662,1.991
603225.SH,20191101,22.6178,22.9961,22.5182,22.9761,22.6178,0.35829999999999984,1.5842,17165.01,19683.949,1.991
603225.SH,20191104,23.0956,24.4495,23.0558,24.0712,22.9761,1.0951000000000022,4.7663,82443.71,99095.123,1.991
603225.SH,20191105,24.0712,24.5689,23.892,24.3898,24.0712,0.3186,1.3236,70576.4,86141.145,1.991
603225.SH,20191106,24.3101,24.5689,24.2902,24.4097,24.3898,0.019899999999999807,0.0816,49151.14,60287.209,1.991
603225.SH,20191107,24.4893,24.5291,24.111,24.2703,24.4097,-0.13940000000000197,-0.5711,29149.35,35539.792,1.991
603225.SH,20191108,24.3698,24.4495,23.5336,23.5934,24.2703,-0.6768999999999998,-2.789,53770.1,64580.276,1.991
603225.SH,20191111,23.4938,23.4938,22.9562,22.9961,23.5934,-0.5973000000000006,-2.5316,38375.08,44810.801,1.991
603225.SH,20191112,22.9961,23.1752,22.7173,22.7969,22.9961,-0.1991999999999976,-0.8662,27949.59,32112.439,1.991
603225.SH,20191113,22.8766,22.9363,22.6178,22.8169,22.7969,0.019999999999999574,0.0877,19440.63,22239.964,1.991
603225.SH,20191114,22.7571,22.9761,22.6974,22.9164,22.8169,0.09949999999999903,0.4361,21647.28,24835.07,1.991
603225.SH,20191115,22.7571,22.8766,22.5779,22.6576,22.9164,-0.2588000000000008,-1.1293,18020.89,20565.225,1.991
603225.SH,20191118,22.7969,22.9363,22.6377,22.8169,22.6576,0.15930000000000177,0.7031,12702.02,14542.485,1.991
603225.SH,20191119,22.8965,23.235,22.777,23.1952,22.8169,0.3782999999999994,1.658,19059.55,22097.745,1.991
603225.SH,20191120,23.2549,23.5137,23.016,23.4938,23.1952,0.2986000000000004,1.2873,21246.66,24836.919,1.991
603225.SH,20191121,23.2947,23.5535,23.2151,23.3146,23.4938,-0.17920000000000158,-0.7628,13620.31,15991.391,1.991
603225.SH,20191122,23.3146,23.6133,23.016,23.0956,23.3146,-0.21899999999999764,-0.9393,18906.97,22109.277,1.991
603225.SH,20191125,23.0956,23.5934,23.0558,23.5934,23.0956,0.497799999999998,2.1554,22504.8,26397.371,1.991
603225.SH,20191126,23.6133,23.7128,23.3942,23.5535,23.5934,-0.03989999999999938,-0.1691,18315.31,21672.718,1.991
603225.SH,20191127,23.3942,23.6531,23.3345,23.4341,23.5535,-0.11939999999999884,-0.5069,15341.96,18105.293,1.991
603225.SH,20191128,23.3942,23.5734,23.2947,23.4142,23.4341,-0.019899999999999807,-0.0849,13531.03,15917.694,1.991
603225.SH,20191129,23.4938,23.6531,23.1952,23.3743,23.4142,-0.03989999999999938,-0.1704,16183.7,19043.556,1.991
603225.SH,20191202,23.4142,23.5934,23.1553,23.235,23.3743,-0.1393000000000022,-0.596,12152.15,14252.108,1.991
603225.SH,20191203,23.1952,23.2151,22.8169,23.0359,23.235,-0.19909999999999783,-0.8569,16245.68,18721.497,1.991
603225.SH,20191204,22.9363,23.1752,22.8169,23.0757,23.0359,0.03979999999999961,0.1728,8432.52,9765.652,1.991
603225.SH,20191205,23.1952,23.2151,23.016,23.1155,23.0757,0.03979999999999961,0.1725,11880.96,13791.698,1.991
603225.SH,20191206,23.1752,23.5734,23.1155,23.4142,23.1155,0.2987000000000002,1.2922,17230.77,20192.366,1.991
603225.SH,20191209,23.4142,23.7526,23.3345,23.5137,23.4142,0.09949999999999903,0.425,24335.15,28775.225,1.991
603225.SH,20191210,23.5137,23.6531,23.235,23.3544,23.5137,-0.15930000000000177,-0.6775,24049.35,28181.709,1.991
603225.SH,20191211,23.3345,23.3345,23.1155,23.1354,23.3544,-0.21899999999999764,-0.9377,18044.45,21003.24,1.991
603225.SH,20191212,23.0757,23.1354,22.9562,23.0359,23.1354,-0.09949999999999903,-0.4301,15653.19,18107.284,1.991
603225.SH,20191213,23.1752,23.3743,23.0956,23.3743,23.0359,0.33840000000000003,1.469,19124.69,22351.927,1.991
603225.SH,20191216,23.3942,23.7526,23.3942,23.7526,23.3743,0.3782999999999994,1.6184,32665.91,38734.799,1.991
603225.SH,20191217,23.6531,24.1309,23.6133,23.9318,23.7526,0.17919999999999803,0.7544,36123.81,43444.094,1.991
603225.SH,20191218,24.0115,24.0712,23.7725,23.8721,23.9318,-0.05969999999999942,-0.2495,25381.72,30464.167,1.991
603225.SH,20191219,23.9119,24.0115,23.7526,23.9716,23.8721,0.09949999999999903,0.4168,19183.57,22994.729,1.991
603225.SH,20191220,23.9517,24.1309,23.7924,23.8721,23.9716,-0.09949999999999903,-0.4151,21000.38,25309.997,1.991
603225.SH,20191223,23.892,23.892,23.2151,23.2549,23.8721,-0.6172000000000004,-2.5854,29411.44,34739.162,1.991
603225.SH,20191224,23.2549,23.6531,23.2549,23.6332,23.2549,0.3782999999999994,1.6268,25057.46,29578.334,1.991
603225.SH,20191225,23.6531,23.7725,23.4938,23.6531,23.6332,0.019899999999999807,0.0842,18138.72,21555.435,1.991
603225.SH,20191226,23.5934,24.0513,23.5934,24.0513,23.6531,0.3982000000000028,1.6835,27927.92,33561.39,1.991
603225.SH,20191227,24.1309,24.3698,23.9318,24.1508,24.0513,0.09949999999999903,0.4137,40606.52,49333.48,1.991
603225.SH,20191230,24.1907,24.7481,24.0911,24.6088,24.1508,0.4579999999999984,1.8964,42589.99,52410.304,1.991
603225.SH,20191231,24.6287,24.6884,24.33,24.5889,24.6088,-0.019899999999999807,-0.0809,30347.56,37343.622,1.991
603225.SH,20200102,24.7481,24.8676,24.4893,24.6287,24.5889,0.03979999999999961,0.1619,42896.22,53169.82,1.991
603225.SH,20200103,24.6685,24.9871,24.3898,24.8278,24.6287,0.1991000000000014,0.8084,37815.73,47005.196,1.991
603225.SH,20200106,24.8477,25.0866,24.5689,24.9871,24.8278,0.15930000000000177,0.6416,52169.25,65201.906,1.991
603225.SH,20200107,25.0866,25.1264,24.8676,25.0667,24.9871,0.07959999999999923,0.3186,34225.47,42967.803,1.991
603225.SH,20200108,24.9871,25.0269,24.3499,24.3698,25.0667,-0.6968999999999994,-2.7802,42659.15,52716.582,1.991
603225.SH,20200109,24.549,24.8676,24.5092,24.6088,24.3698,0.23899999999999721,0.9807,19072.93,23647.592,1.991
603225.SH,20200110,24.6884,24.7879,24.4893,24.7083,24.6088,0.09950000000000259,0.4043,22021.61,27271.75,1.991
603225.SH,20200113,24.8477,24.8477,24.3499,24.6486,24.7083,-0.05970000000000297,-0.2416,20082.21,24756.51,1.991
603225.SH,20200114,24.6088,24.9273,24.5889,24.6884,24.6486,0.039800000000003166,0.1615,23077.95,28705.313,1.991
603225.SH,20200115,24.6884,24.7879,24.3101,24.33,24.6884,-0.35840000000000316,-1.4517,20978.81,25753.141,1.991
603225.SH,20200116,24.3898,24.4893,24.2106,24.2305,24.33,-0.09949999999999903,-0.409,19091.87,23316.192,1.991
603225.SH,20200117,24.3898,25.6839,24.33,24.9472,24.2305,0.7166999999999994,2.9578,69237.6,87353.306,1.991
603225.SH,20200120,24.9273,25.1662,24.6486,25.0468,24.9472,0.09960000000000235,0.3992,39794.5,49830.769,1.991
603225.SH,20200121,25.0269,25.0269,24.4893,24.6486,25.0468,-0.3982000000000028,-1.5898,31133.55,38524.662,1.991
603225.SH,20200122,24.6287,24.6287,24.0115,24.2902,24.6486,-0.3583999999999996,-1.454,27210.36,33169.824,1.991
603225.SH,20200123,24.2902,24.3101,23.2549,23.5336,24.2902,-0.7565999999999988,-3.1148,41830.49,49728.57,1.991
603225.SH,20200203,21.1842,21.1842,21.1842,21.1842,23.5336,-2.3493999999999993,-9.9832,15497.0,16488.808,1.991
603225.SH,20200204,19.9299,21.463,19.9299,20.567,21.1842,-0.6172000000000004,-2.9135,54140.38,56251.989,1.991
603225.SH,20200205,20.6268,21.2838,20.5272,21.2042,20.567,0.6372,3.0982,39521.69,41626.555,1.991
603225.SH,20200206,21.2042,21.4431,20.9254,21.3833,21.2042,0.17909999999999826,0.8446,34959.15,37268.15,1.991
603225.SH,20200207,21.5028,22.558,21.0051,22.2992,21.3833,0.9159000000000006,4.2832,54618.44,59972.17,1.991
603225.SH,20200210,22.12,22.2793,21.7218,22.2793,22.2992,-0.019899999999999807,-0.0892,39932.41,44133.829,1.991
603225.SH,20200211,22.2395,22.4187,22.0006,22.1399,22.2793,-0.13939999999999841,-0.6257,22758.88,25367.861,1.991
603225.SH,20200212,22.1001,22.2793,22.0205,22.1997,22.1399,0.05979999999999919,0.2701,19781.38,22005.489,1.991
603225.SH,20200213,22.1997,22.3788,21.5028,21.7218,22.1997,-0.4778999999999982,-2.1527,28833.34,31760.953,1.991
603225.SH,20200214,21.7218,22.0603,21.6024,21.9607,21.7218,0.23889999999999745,1.0998,26309.7,28857.446,1.991
603225.SH,20200217,22.0006,22.4983,21.901,22.4784,21.9607,0.5177000000000014,2.3574,35485.96,39764.513,1.991
603225.SH,20200218,22.5182,22.7969,22.3589,22.6377,22.4784,0.15929999999999822,0.7087,29178.61,33085.294,1.991
603225.SH,20200219,22.6775,22.6775,22.2594,22.2793,22.6377,-0.3583999999999996,-1.5832,23784.82,26825.114,1.991
603225.SH,20200220,22.339,22.5979,22.0802,22.5182,22.2793,0.238900000000001,1.0723,33817.01,37984.567,1.991
603225.SH,20200221,22.5381,22.6974,22.3987,22.5779,22.5182,0.05969999999999942,0.2651,39778.36,45003.155,1.991
603225.SH,20200224,22.4983,22.4983,22.0205,22.4187,22.5779,-0.15919999999999845,-0.7051,45542.02,50924.908,1.991
603225.SH,20200225,21.901,22.2395,21.7218,22.1399,22.4187,-0.2788000000000004,-1.2436,47353.4,52369.247,1.991
603225.SH,20200226,22.1399,22.9761,21.9209,22.6576,22.1399,0.5176999999999978,2.3383,65428.34,74120.521,1.991
603225.SH,20200227,22.6576,22.6974,22.2395,22.4187,22.6576,-0.23889999999999745,-1.0544,34314.51,38613.295,1.991
603225.SH,20200228,22.0603,22.1399,21.6024,21.6422,22.4187,-0.7765000000000022,-3.4636,48473.27,53213.039,1.991
603225.SH,20200302,21.7218,22.558,21.7218,22.3987,21.6422,0.7565000000000026,3.4955,37755.45,42372.942,1.991
603225.SH,20200303,22.4187,22.5979,22.2992,22.3589,22.3987,-0.039800000000003166,-0.1777,41448.53,46727.945,1.991
603225.SH,20200304,22.4585,23.0359,22.3191,22.8567,22.3589,0.4978000000000016,2.2264,45338.79,51782.607,1.991
603225.SH,20200305,22.9562,23.3942,22.8169,23.3743,22.8567,0.5176000000000016,2.2645,52228.52,60669.421,1.991
603225.SH,20200306,23.1155,24.3101,22.9562,23.7327,23.3743,0.3583999999999996,1.5333,70741.67,84413.677,1.991
603225.SH,20200309,23.4938,24.2504,22.8169,23.1952,23.7327,-0.5375000000000014,-2.2648,62327.45,73692.989,1.991
603225.SH,20200310,22.8965,23.3544,22.0205,23.016,23.1952,-0.17920000000000158,-0.7726,62963.5,71832.344,1.991
603225.SH,20200311,22.9761,23.0558,22.4983,22.5182,23.016,-0.497799999999998,-2.1628,34431.08,39320.966,1.991
603225.SH,20200312,22.1399,22.4187,21.9408,21.9806,22.5182,-0.5376000000000012,-2.3874,29689.3,32930.164,1.991
603225.SH,20200313,21.3236,21.8413,20.9055,21.5625,21.9806,-0.41809999999999903,-1.9021,36639.4,39205.492,1.991
603225.SH,20200316,21.7616,21.901,20.7263,20.7462,21.5625,-0.8162999999999982,-3.7857,35875.73,38478.386,1.991
603225.SH,20200317,20.6069,21.3037,20.2087,20.8059,20.7462,0.05969999999999942,0.2878,26045.42,27090.675,1.991
603225.SH,20200318,20.8657,21.1444,20.5272,20.567,20.8059,-0.238900000000001,-1.1482,23461.59,24593.92,1.991
603225.SH,20200319,20.567,20.8059,20.129,20.6069,20.567,0.03989999999999938,0.194,27073.34,27871.209,1.991
603225.SH,20200320,20.7263,21.0051,20.6467,21.0051,20.6069,0.3981999999999992,1.9324,21152.93,22135.823,1.991
603225.SH,20200323,21.3037,22.0404,21.0648,21.3435,21.0051,0.33840000000000003,1.611,53824.33,58393.374,1.991
603225.SH,20200324,21.5028,21.7815,20.9254,21.4032,21.3435,0.05969999999999942,0.2797,32594.05,34815.635,1.991
603225.SH,20200325,21.682,21.7417,21.244,21.5028,21.4032,0.09960000000000235,0.4654,30468.63,32864.983,1.991
603225.SH,20200326,21.4829,21.4829,21.0051,21.0847,21.5028,-0.41809999999999903,-1.9444,21777.19,23132.001,1.991
603225.SH,20200327,21.1444,21.3435,20.6666,20.6666,21.0847,-0.4181000000000026,-1.983,38211.43,40294.751,1.991
603225.SH,20200330,20.6666,20.6666,19.9896,20.1091,20.6666,-0.5574999999999974,-2.6976,26623.57,26957.853,1.991
603225.SH,20200331,20.2485,20.7263,20.0494,20.567,20.1091,0.45789999999999864,2.2771,26490.28,26959.538,1.991
603225.SH,20200401,20.3281,20.8059,20.2286,20.3281,20.567,-0.238900000000001,-1.1616,18757.0,19312.127,1.991
603225.SH,20200402,20.2286,20.786,20.2087,20.7661,20.3281,0.4380000000000024,2.1547,27023.99,27799.899,1.991
603225.SH,20200403,20.7462,20.786,20.3878,20.4874,20.7661,-0.2787000000000006,-1.3421,15663.01,16163.925,1.991
603225.SH,20200407,20.7462,21.2241,20.7462,21.1444,20.4874,0.657,3.2068,34016.24,36007.863,1.991
603225.SH,20200408,21.1444,21.4232,20.9055,21.3236,21.1444,0.17919999999999803,0.8475,29347.64,31286.676,1.991
603225.SH,20200409,21.3236,21.463,21.1444,21.1842,21.3236,-0.13939999999999841,-0.6537,21097.08,22596.942,1.991
603225.SH,20200410,21.2042,21.2838,20.8458,20.8856,21.1842,-0.2986000000000004,-1.4095,22285.76,23519.279,1.991
603225.SH,20200413,20.7263,21.0648,20.5073,20.6666,20.8856,-0.2190000000000012,-1.0486,22088.64,22991.869,1.991
603225.SH,20200414,20.6268,20.8856,20.5869,20.8259,20.6666,0.15930000000000177,0.7708,16780.49,17482.978,1.991
603225.SH,20200415,20.8059,20.8259,20.5471,20.6069,20.8259,-0.2190000000000012,-1.0516,18236.78,18915.503,1.991
603225.SH,20200416,20.4874,20.6268,20.2684,20.5073,20.6069,-0.0995999999999988,-0.4833,16054.5,16477.571,1.991
603225.SH,20200417,20.5471,20.7263,20.3082,20.3679,20.5073,-0.13940000000000197,-0.6798,22584.72,23270.601,1.991
603225.SH,20200420,20.4874,21.6422,20.4874,21.3236,20.3679,0.9557000000000002,4.6922,55746.55,59172.922,1.991
603225.SH,20200421,21.3037,21.682,20.8458,21.0847,21.3236,-0.23889999999999745,-1.1204,36453.11,38782.184,1.991
603225.SH,20200422,20.7263,21.3236,20.7064,21.2838,21.0847,0.19909999999999783,0.9443,24247.41,25718.761,1.991
603225.SH,20200423,21.3037,21.463,21.1046,21.2042,21.2838,-0.07959999999999923,-0.374,22762.99,24317.956,1.991
603225.SH,20200424,21.3833,21.3833,20.8059,20.9254,21.2042,-0.2788000000000004,-1.3148,19189.76,20221.807,1.991
603225.SH,20200427,20.8458,21.0847,20.6467,20.6666,20.9254,-0.2588000000000008,-1.2368,22878.05,23965.675,1.991
603225.SH,20200428,20.6268,20.6865,20.0096,20.3082,20.6666,-0.3583999999999996,-1.7342,23927.74,24403.443,1.991
603225.SH,20200429,20.3679,20.6069,20.2087,20.6069,20.3082,0.2987000000000002,1.4708,14473.65,14814.089,1.991
603225.SH,20200430,20.2485,20.7064,20.2485,20.6865,20.6069,0.07959999999999923,0.3863,23844.41,24617.735,1.991
603225.SH,20200506,20.5073,20.567,20.2087,20.5073,20.6865,-0.17919999999999803,-0.8663,31417.71,32146.631,1.991
603225.SH,20200507,20.4476,20.4476,20.2485,20.2883,20.5073,-0.2190000000000012,-1.0679,22053.06,22483.05,1.991
603225.SH,20200508,20.3878,20.3878,20.1489,20.2883,20.2883,0.0,0.0,21705.59,22119.368,1.991
603225.SH,20200511,20.348,20.3878,20.2087,20.2684,20.2883,-0.019899999999999807,-0.0981,18796.94,19129.654,1.991
603225.SH,20200512,20.2684,20.2883,20.0693,20.2485,20.2684,-0.019899999999999807,-0.0982,16705.59,16937.48,1.991
603225.SH,20200513,20.2684,20.4078,20.2087,20.4078,20.2485,0.15930000000000177,0.7867,22591.12,23084.669,1.991
603225.SH,20200514,20.2485,20.3679,20.2087,20.2485,20.4078,-0.15930000000000177,-0.7806,14431.02,14685.637,1.991
603225.SH,20200515,20.2883,20.3679,20.0892,20.1091,20.2485,-0.13939999999999841,-0.6884,18865.64,19092.492,1.991
603225.SH,20200518,20.4322,20.4322,19.8674,19.928,20.1095,-0.18149999999999977,-0.9026,19546.21,19393.387,2.017
603225.SH,20200519,20.049,20.049,19.8674,19.9078,19.928,-0.020199999999999108,-0.1014,15068.4,14888.474,2.017
603225.SH,20200520,19.9683,19.9885,19.3229,19.3632,19.9078,-0.5446000000000026,-2.7356,35821.82,34728.075,2.017
603225.SH,20200521,19.7868,20.8356,19.6657,20.0691,19.3632,0.7058999999999997,3.6456,87945.47,88247.544,2.017
603225.SH,20200522,20.0691,20.0691,19.4237,19.5246,20.0691,-0.5444999999999993,-2.7131,37428.86,36433.464,2.017
603225.SH,20200525,19.3834,19.7868,18.98,19.2825,19.5246,-0.24210000000000065,-1.24,38197.59,36620.845,2.017
603225.SH,20200526,19.3632,19.4842,19.2018,19.4035,19.2825,0.12100000000000222,0.6275,22475.45,21563.062,2.017
603225.SH,20200527,19.4035,19.6859,19.222,19.3632,19.4035,-0.040300000000002,-0.2077,25120.83,24174.973,2.017
603225.SH,20200528,19.3229,19.5246,19.2422,19.4035,19.3632,0.040300000000002,0.2081,17998.36,17282.08,2.017
603225.SH,20200529,19.3834,19.6052,19.2825,19.4641,19.4035,0.06059999999999732,0.3123,20379.13,19685.386,2.017
603225.SH,20200601,19.5246,20.6541,19.4842,20.4725,19.4641,1.0084000000000017,5.1808,78381.52,78824.062,2.017
603225.SH,20200602,20.5532,20.7549,20.3112,20.5331,20.4725,0.060600000000000875,0.296,42571.6,43338.841,2.017
603225.SH,20200603,20.5734,20.7348,20.2708,20.3314,20.5331,-0.20170000000000243,-0.9823,41624.6,42383.017,2.017
603225.SH,20200604,20.5331,20.5331,20.0893,20.1095,20.3314,-0.221899999999998,-1.0914,27704.0,27761.686,2.017
603225.SH,20200605,20.2708,20.2708,19.928,20.1297,20.1095,0.020199999999999108,0.1005,21958.81,21861.495,2.017
603225.SH,20200608,20.1902,20.8558,20.1902,20.8356,20.1297,0.7058999999999997,3.5068,92794.05,94784.54,2.017
603225.SH,20200609,20.8356,21.5012,20.6339,21.0978,20.8356,0.2622,1.2584,121435.98,126427.888,2.017
603225.SH,20200610,20.9768,21.0575,20.5936,20.7146,21.0978,-0.38319999999999865,-1.8163,36849.51,37845.7,2.017
603225.SH,20200611,20.5936,20.7549,20.4322,20.6137,20.7146,-0.10089999999999932,-0.4871,27892.21,28426.32,2.017
603225.SH,20200612,20.2103,21.0373,20.17,20.6944,20.6137,0.08070000000000022,0.3915,50455.67,51712.102,2.017
603225.SH,20200615,20.6743,20.8961,20.4725,20.6137,20.6944,-0.08070000000000022,-0.39,28190.32,28936.807,2.017
603225.SH,20200616,20.6541,20.7953,20.5331,20.6944,20.6137,0.08070000000000022,0.3915,18485.79,18922.892,2.017
603225.SH,20200617,20.7348,21.1583,20.5936,21.0776,20.6944,0.38319999999999865,1.8517,44580.54,46223.019,2.017
603225.SH,20200618,21.2794,21.2794,20.8759,20.9163,21.0776,-0.16130000000000067,-0.7653,25604.52,26598.931,2.017
603225.SH,20200619,20.8759,20.9163,20.6743,20.7146,20.9163,-0.20169999999999888,-0.9643,24173.28,24898.817,2.017
603225.SH,20200622,20.7751,20.7751,20.5331,20.5734,20.7146,-0.14120000000000132,-0.6816,21762.2,22244.872,2.017
603225.SH,20200623,20.5734,20.6743,20.4524,20.5129,20.5734,-0.06050000000000111,-0.2941,18972.77,19296.01,2.017
603225.SH,20200624,20.5734,20.6743,20.3112,20.4927,20.5129,-0.020199999999999108,-0.0985,29424.01,29824.325,2.017
603225.SH,20200629,20.4524,20.4524,20.0691,20.1297,20.4927,-0.36299999999999955,-1.7714,22853.73,22912.693,2.017
603225.SH,20200630,20.1498,20.3314,20.0086,20.1297,20.1297,0.0,0.0,25581.04,25512.825,2.017
603225.SH,20200701,20.1498,20.3717,20.0893,20.3515,20.1297,0.22180000000000177,1.1019,26695.06,26744.862,2.017
603225.SH,20200702,20.4725,20.9163,20.2708,20.8558,20.3515,0.5042999999999971,2.478,49507.49,50758.285,2.017
603225.SH,20200703,20.9365,21.2188,20.7146,21.1987,20.8558,0.3429000000000002,1.6441,54613.3,56998.434,2.017
603225.SH,20200706,21.2188,22.3887,21.2188,22.308,21.1987,1.109300000000001,5.2329,92476.39,100646.176,2.017
603225.SH,20200707,22.3484,22.7921,21.8441,22.5702,22.308,0.2622,1.1754,90519.01,100496.581,2.017
603225.SH,20200708,22.4896,22.9535,22.2677,22.8324,22.5702,0.2622,1.1617,70285.65,78876.688,2.017
603225.SH,20200709,22.8526,23.3569,22.6106,23.135,22.8324,0.30260000000000176,1.3253,68929.12,78522.143,2.017
603225.SH,20200710,23.135,23.377,22.7114,22.9333,23.135,-0.20170000000000243,-0.8718,55658.34,63436.645,2.017
603225.SH,20200713,22.3887,23.2964,22.3887,23.0946,22.9333,0.16130000000000067,0.7033,56109.09,63849.82,2.017
603225.SH,20200714,22.9938,23.1552,22.308,22.6711,23.0946,-0.42350000000000065,-1.8338,54512.14,61376.455,2.017
603225.SH,20200715,22.6913,23.0341,21.8038,22.0458,22.6711,-0.6252999999999993,-2.7581,58017.52,64190.592,2.017
603225.SH,20200716,22.0861,22.4896,21.3802,21.5416,22.0458,-0.5042000000000009,-2.2871,53626.58,58424.024,2.017
603225.SH,20200717,21.5012,21.7634,21.1382,21.2995,21.5416,-0.24210000000000065,-1.1239,38609.86,40953.582,2.017
603225.SH,20200720,21.0978,22.308,21.0978,22.2072,21.2995,0.907700000000002,4.2616,49261.46,53604.006,2.017
603225.SH,20200721,22.2072,22.2878,21.9248,22.0458,22.2072,-0.16140000000000043,-0.7268,35302.07,38634.56,2.017
603225.SH,20200722,22.1668,22.5097,21.9651,22.0458,22.0458,0.0,0.0,34252.16,37700.665,2.017
603225.SH,20200723,21.7231,21.9651,21.239,21.7433,22.0458,-0.30249999999999844,-1.3721,32778.86,35104.37,2.017
603225.SH,20200724,21.6424,21.8239,20.8961,20.997,21.7433,-0.7463000000000015,-3.4323,36834.72,38928.323,2.017
603225.SH,20200727,21.0171,21.36,20.5532,20.7146,20.997,-0.2823999999999991,-1.345,28827.68,29721.558,2.017
603225.SH,20200728,20.6541,21.2592,20.6541,20.7953,20.7146,0.08070000000000022,0.3896,23751.5,24580.725,2.017
603225.SH,20200729,20.7953,21.1785,20.5331,21.1382,20.7953,0.3429000000000002,1.6489,32259.96,33402.777,2.017
603225.SH,20200730,21.118,21.9248,21.118,21.4407,21.1382,0.30249999999999844,1.4311,53938.56,57450.744,2.017
603225.SH,20200731,21.3399,21.6827,20.8961,21.4004,21.4407,-0.04029999999999845,-0.188,30191.13,32001.954,2.017
603225.SH,20200803,21.5416,21.7836,21.4407,21.6424,21.4004,0.24199999999999733,1.1308,41726.2,44641.532,2.017
603225.SH,20200804,21.5819,22.066,21.4205,21.7231,21.6424,0.08070000000000022,0.3729,52402.19,56469.863,2.017
603225.SH,20200805,21.7836,22.2475,21.4004,22.066,21.7231,0.3429000000000002,1.5785,70805.81,76826.537,2.017
603225.SH,20200806,22.6913,23.1148,22.2677,22.4694,22.066,0.4034000000000013,1.8282,131003.84,147203.268,2.017
603225.SH,20200807,22.2072,22.9736,21.9853,22.8324,22.4694,0.36299999999999955,1.6155,109101.04,122107.099,2.017
603225.SH,20200810,22.7114,23.6997,22.6913,23.498,22.8324,0.6656000000000013,2.9152,101032.87,116209.876,2.017
603225.SH,20200811,23.5182,23.8611,23.0745,23.1148,23.498,-0.3832000000000022,-1.6308,87662.21,102189.769,2.017
603225.SH,20200812,23.0745,23.7401,22.9333,23.7401,23.1148,0.6253000000000029,2.7052,70460.82,81355.93,2.017
603225.SH,20200813,23.9216,24.1031,23.2762,23.3569,23.7401,-0.3832000000000022,-1.6141,65811.49,77346.575,2.017
603225.SH,20200814,23.2358,23.7199,23.1753,23.498,23.3569,0.14110000000000156,0.6041,64405.69,74946.361,2.017
603225.SH,20200817,23.5989,25.1318,23.2964,24.7082,23.498,1.2102000000000004,5.1502,119970.43,145172.185,2.017
603225.SH,20200818,24.6881,24.8696,24.3452,24.6881,24.7082,-0.020100000000002893,-0.0813,54046.59,65627.871,2.017
603225.SH,20200819,24.6074,24.9301,24.1031,24.7889,24.6881,0.10080000000000311,0.4083,82892.95,101031.011,2.017
603225.SH,20200820,24.5671,24.6074,23.8006,24.2847,24.7889,-0.5042000000000009,-2.034,56559.5,67666.784,2.017
603225.SH,20200821,24.2242,24.2443,23.377,23.3972,24.2847,-0.8874999999999993,-3.6546,58467.4,68612.826,2.017
603225.SH,20200824,23.6392,23.9216,23.135,23.3367,23.3972,-0.06050000000000111,-0.2586,45128.49,52448.907,2.017
603225.SH,20200825,23.2762,23.7199,23.0341,23.1552,23.3367,-0.18149999999999977,-0.7777,44608.08,51580.655,2.017
603225.SH,20200826,23.0946,23.2964,22.5299,23.0946,23.1552,-0.060600000000000875,-0.2617,57588.53,65268.006,2.017
603225.SH,20200827,22.9938,23.0946,22.6307,22.9131,23.0946,-0.18149999999999977,-0.7859,36662.25,41484.595,2.017
603225.SH,20200828,23.1955,23.1955,22.1265,23.0543,22.9131,0.14120000000000132,0.6162,69067.76,77497.598,2.017
603225.SH,20200831,23.6392,23.6392,22.4694,22.5904,23.0543,-0.4639000000000024,-2.0122,78966.4,89352.514,2.017
603225.SH,20200901,22.5702,22.9938,22.4896,22.9535,22.5904,0.3630999999999993,1.6073,37685.04,42597.573,2.017
603225.SH,20200902,23.014,23.256,22.5904,22.8324,22.9535,-0.12109999999999843,-0.5276,36213.47,41117.386,2.017
603225.SH,20200903,22.8324,22.9535,22.5501,22.6711,22.8324,-0.16130000000000067,-0.7065,23738.01,26748.904,2.017
603225.SH,20200904,22.5299,22.7719,22.1467,22.5702,22.6711,-0.10089999999999932,-0.4451,25822.42,28705.31,2.017
603225.SH,20200907,22.5501,23.0543,22.429,22.6711,22.5702,0.10089999999999932,0.447,31134.7,35213.893,2.017
603225.SH,20200908,22.429,22.9535,22.429,22.7921,22.6711,0.12100000000000222,0.5337,27160.21,30580.107,2.017
603225.SH,20200909,22.1265,22.5501,21.9248,22.1265,22.7921,-0.6656000000000013,-2.9203,40676.12,44683.899,2.017
603225.SH,20200910,22.6307,22.6509,21.481,21.481,22.1265,-0.6454999999999984,-2.9173,31762.64,34511.129,2.017
603225.SH,20200911,21.7231,21.7231,21.1382,21.2995,21.481,-0.18150000000000333,-0.8449,34870.96,36877.439,2.017
603225.SH,20200914,21.4407,21.6424,21.3197,21.5214,21.2995,0.22190000000000154,1.0418,25691.81,27343.393,2.017
603225.SH,20200915,21.5214,21.8844,21.2794,21.8239,21.5214,0.30249999999999844,1.4056,30374.47,32423.942,2.017
603225.SH,20200916,21.7836,21.9248,21.3802,21.4004,21.8239,-0.4234999999999971,-1.9405,25015.78,26789.022,2.017
603225.SH,20200917,21.3802,21.8844,21.3802,21.6222,21.4004,0.22179999999999822,1.0364,33991.34,36535.92,2.017
603225.SH,20200918,21.7433,21.9248,21.5214,21.8643,21.6222,0.24210000000000065,1.1197,32373.81,34838.15,2.017
603225.SH,20200921,21.9248,21.9248,21.4004,21.481,21.8643,-0.3832999999999984,-1.7531,35332.99,37731.889,2.017
603225.SH,20200922,21.481,21.481,20.997,20.997,21.481,-0.48400000000000176,-2.2532,28751.12,30240.217,2.017
603225.SH,20200923,21.0776,21.1987,20.7953,21.0978,20.997,0.10079999999999956,0.4801,23400.97,24349.336,2.017
603225.SH,20200924,20.9566,20.9566,20.2708,20.3717,21.0978,-0.7260999999999989,-3.4416,48685.14,49419.653,2.017
603225.SH,20200925,20.4322,20.5331,20.17,20.2708,20.3717,-0.10089999999999932,-0.4953,18600.19,18747.97,2.017
603225.SH,20200928,20.2708,20.4725,20.049,20.1902,20.2708,-0.08060000000000045,-0.3976,29820.19,29857.239,2.017
603225.SH,20200929,20.17,20.4322,20.1297,20.1498,20.1902,-0.04040000000000177,-0.2001,18559.15,18616.681,2.017
603225.SH,20200930,20.17,20.5331,20.0691,20.291,20.1498,0.14120000000000132,0.7008,21858.75,21950.37,2.017
603225.SH,20201009,20.4725,20.997,20.4322,20.8759,20.291,0.5849000000000011,2.8826,27069.68,27886.339,2.017
603225.SH,20201012,20.997,21.6626,20.9365,21.4407,20.8759,0.5647999999999982,2.7055,37719.91,40034.072,2.017
603225.SH,20201013,21.5617,21.5617,20.9768,21.481,21.4407,0.040300000000002,0.188,26055.39,27487.017,2.017
603225.SH,20201014,21.6626,22.5904,21.4407,22.4089,21.481,0.9278999999999975,4.3196,75789.68,83123.181,2.017
603225.SH,20201015,22.4896,23.014,22.3685,22.4089,22.4089,0.0,0.0,74452.05,83873.725,2.017
603225.SH,20201016,22.4896,22.9131,22.187,22.2878,22.4089,-0.12109999999999843,-0.5404,37387.62,41611.68,2.017
603225.SH,20201019,22.7719,23.3165,22.429,22.6106,22.2878,0.32280000000000086,1.4483,66859.69,75730.565,2.017
603225.SH,20201020,22.6307,22.8728,22.2677,22.6509,22.6106,0.04029999999999845,0.1782,36198.33,40436.87,2.017
603225.SH,20201021,22.5904,22.6509,22.2072,22.3282,22.6509,-0.3227000000000011,-1.4247,29856.46,33137.213,2.017
603225.SH,20201022,22.2273,22.2475,21.4004,21.4609,22.3282,-0.8673000000000002,-3.8843,50746.32,54586.843,2.017
603225.SH,20201023,21.481,21.9046,21.3802,21.4205,21.4609,-0.040399999999998215,-0.1882,22131.67,23669.924,2.017
603225.SH,20201026,21.2794,21.6222,21.0776,21.4205,21.4205,0.0,0.0,28022.09,29636.537,2.017
603225.SH,20201027,21.1987,21.4205,20.9768,21.3802,21.4205,-0.040300000000002,-0.1881,19172.75,20083.823,2.017
603225.SH,20201028,21.2592,21.2995,20.8154,20.9365,21.3802,-0.44369999999999976,-2.0753,22811.16,23739.878,2.017
603225.SH,20201029,20.3717,21.0978,20.2103,20.7146,20.9365,-0.221899999999998,-1.0599,27859.8,28570.875,2.017
603225.SH,20201030,20.7549,20.8558,20.412,20.5129,20.7146,-0.20170000000000243,-0.9737,20268.31,20722.476,2.017
603225.SH,20201102,20.7751,20.7751,20.4322,20.5734,20.5129,0.06050000000000111,0.2949,33057.39,33693.055,2.017
603225.SH,20201103,20.4927,20.7953,20.4927,20.7348,20.5734,0.16140000000000043,0.7845,27712.28,28351.88,2.017
603225.SH,20201104,20.7146,20.7953,20.4322,20.5734,20.7348,-0.16140000000000043,-0.7784,18665.04,19060.891,2.017
603225.SH,20201105,20.7146,20.7549,20.4725,20.6541,20.5734,0.08070000000000022,0.3923,34139.51,34865.068,2.017
603225.SH,20201106,20.6743,20.7348,20.4725,20.6743,20.6541,0.020199999999999108,0.0978,29221.55,29864.71,2.017
603225.SH,20201109,20.7348,21.0978,20.6944,20.9163,20.6743,0.24200000000000088,1.1705,45957.43,47676.664,2.017
603225.SH,20201110,21.1583,21.9651,21.0575,21.3399,20.9163,0.4236000000000004,2.0252,71967.81,76689.184,2.017
603225.SH,20201111,21.4407,22.1668,21.1785,21.9651,21.3399,0.6251999999999995,2.9297,69758.21,75460.163,2.017
603225.SH,20201112,21.8844,21.9248,21.4407,21.8038,21.9651,-0.16130000000000067,-0.7343,47173.7,50743.458,2.017
603225.SH,20201113,21.5819,22.9131,21.481,22.5097,21.8038,0.7058999999999997,3.2375,92971.06,102881.82,2.017
603225.SH,20201116,23.0543,24.7688,22.8123,24.7688,22.5097,2.2591,10.0361,212299.84,254909.395,2.017
603225.SH,20201117,25.2528,26.2008,24.8293,25.6159,24.7688,0.8471000000000011,3.42,233862.91,296310.593,2.017
603225.SH,20201118,25.6159,26.7858,25.3335,26.6042,25.6159,0.9882999999999988,3.8582,192198.81,250140.002,2.017
603225.SH,20201119,26.6244,26.6244,25.2125,25.6361,26.6042,-0.9680999999999997,-3.6389,186699.72,238842.391,2.017
603225.SH,20201120,25.6159,26.9068,25.4747,26.4227,25.6361,0.7866,3.0683,146726.21,190904.445,2.017
603225.SH,20201123,26.4025,27.8346,26.4025,26.8664,26.4227,0.44369999999999976,1.6792,153901.19,207393.142,2.017
603225.SH,20201124,26.7051,27.1892,26.4227,27.0076,26.8664,0.14120000000000132,0.5256,90637.03,120338.732,2.017
603225.SH,20201125,27.048,27.3303,26.1201,26.1201,27.0076,-0.8874999999999993,-3.2861,77653.04,102223.011,2.017
603225.SH,20201126,26.2815,26.5639,25.5756,25.7369,26.1201,-0.3832000000000022,-1.4671,71993.16,92583.833,2.017
603225.SH,20201127,25.7773,26.1807,25.2125,25.8579,25.7369,0.12100000000000222,0.4701,65627.01,83412.294,2.017
603225.SH,20201130,25.8579,26.0193,25.1318,25.1318,25.8579,-0.7261000000000024,-2.808,66524.31,84187.367,2.017
603225.SH,20201201,25.0108,25.4142,24.7688,25.2932,25.1318,0.16140000000000043,0.6422,50973.21,63561.039,2.017
603225.SH,20201202,25.3133,25.3739,24.8696,25.031,25.2932,-0.2622,-1.0366,36861.69,45771.776,2.017
603225.SH,20201203,25.031,25.2125,24.3452,24.7889,25.031,-0.2420999999999971,-0.9672,58203.28,71419.518,2.017
603225.SH,20201204,25.2528,25.7369,24.7486,24.8696,24.7889,0.08069999999999666,0.3255,73776.3,91987.015,2.017
603225.SH,20201207,24.446,24.9301,24.1031,24.1031,24.8696,-0.7664999999999971,-3.0821,49520.49,59969.156,2.017
603225.SH,20201208,24.0628,24.3654,23.962,24.1233,24.1031,0.020199999999999108,0.0838,25999.92,31167.224,2.017
603225.SH,20201209,24.083,24.7486,23.7401,23.9821,24.1233,-0.14120000000000132,-0.5853,51386.9,61764.908,2.017
603225.SH,20201210,24.083,24.8696,23.8006,24.5469,23.9821,0.5648000000000017,2.3551,66461.06,80655.69,2.017
603225.SH,20201211,24.7486,26.4227,24.7486,25.7167,24.5469,1.1697999999999986,4.7656,125005.02,158825.347,2.017
603225.SH,20201214,25.9386,26.0193,24.0426,25.152,25.7167,-0.5646999999999984,-2.1958,103909.83,128351.755,2.017
603225.SH,20201215,25.152,25.152,24.3049,24.5066,25.152,-0.6454000000000022,-2.566,48479.64,59240.968,2.017
603225.SH,20201216,24.5066,25.8781,24.5066,25.1318,24.5066,0.6251999999999995,2.5511,59132.08,74060.842,2.017
603225.SH,20201217,25.6764,27.3909,25.3335,26.9875,25.1318,1.8557000000000023,7.3839,126328.34,166713.151,2.017
603225.SH,20201218,26.7252,27.3707,26.342,26.3622,26.9875,-0.6252999999999993,-2.317,68501.27,90602.607,2.017
603225.SH,20201221,26.2815,27.169,25.8378,26.8059,26.3622,0.44369999999999976,1.6831,63885.55,84532.214,2.017
603225.SH,20201222,26.6244,26.7252,25.4747,25.7167,26.8059,-1.0892000000000017,-4.0633,56552.93,73205.159,2.017
603225.SH,20201223,25.4142,25.8781,24.9503,25.5352,25.7167,-0.18149999999999977,-0.7058,58153.5,73205.469,2.017
603225.SH,20201224,25.4344,25.4747,24.7082,25.2125,25.5352,-0.3227000000000011,-1.2637,33123.75,41268.7,2.017
603225.SH,20201225,25.3133,27.7337,25.3133,27.7337,25.2125,2.5212000000000003,9.9998,131508.44,177986.188,2.017
603225.SH,20201228,28.3187,28.9238,27.4312,27.5724,27.7337,-0.16130000000000067,-0.5816,188161.84,261526.265,2.017
603225.SH,20201229,27.7337,28.0766,26.8261,27.0076,27.5724,-0.5647999999999982,-2.0484,86836.84,117587.901,2.017
603225.SH,20201230,27.0681,28.7019,27.0278,27.5724,27.0076,0.5647999999999982,2.0913,112917.62,156248.238,2.017
603225.SH,20201231,27.8346,28.2985,27.2295,28.0363,27.5724,0.4639000000000024,1.6825,93432.67,129078.613,2.017
603225.SH,20210104,28.0363,28.0968,26.9471,27.9758,28.0363,-0.06050000000000111,-0.2158,76243.53,104131.229,2.017
603225.SH,20210105,27.5522,29.3473,27.0681,29.1456,27.9758,1.1698000000000022,4.1815,141778.2,200717.099,2.017
603225.SH,20210106,29.0246,29.9928,28.4397,29.3877,29.1456,0.2420999999999971,0.8307,103041.7,149218.12,2.017
603225.SH,20210107,29.2667,30.8399,29.1658,29.5894,29.3877,0.20170000000000243,0.6863,90453.96,134349.825,2.017
603225.SH,20210108,29.5087,31.9896,29.4482,31.0416,29.5894,1.4521999999999977,4.9078,170633.77,262100.365,2.017
603225.SH,20210111,30.9206,34.1478,30.4567,34.1478,31.0416,3.1061999999999976,10.0066,166820.49,274966.94,2.017
603225.SH,20210112,34.289,36.3665,33.7444,35.9026,34.1478,1.754800000000003,5.1388,216509.59,376173.121,2.017
603225.SH,20210113,35.1966,37.5162,34.5915,37.4759,35.9026,1.5733000000000033,4.3821,190478.7,342814.751,2.017
603225.SH,20210114,36.6691,37.1128,35.237,35.5799,37.4759,-1.8960000000000008,-5.0593,146640.05,263171.57,2.017
603225.SH,20210115,34.8538,35.4992,33.4822,34.047,35.5799,-1.532900000000005,-4.3083,150677.83,256717.468,2.017
603225.SH,20210118,34.41,36.6085,33.6436,36.3262,34.047,2.279200000000003,6.6943,120040.37,210543.009,2.017
603225.SH,20210119,35.8824,37.7179,34.9143,35.2975,36.3262,-1.0287000000000006,-2.8318,120537.93,215297.549,2.017
603225.SH,20210120,35.358,36.2657,34.8134,36.0841,35.2975,0.7866,2.2285,88236.5,155530.404,2.017
603225.SH,20210121,35.7211,38.8272,35.4992,38.3633,36.0841,2.279200000000003,6.3164,135481.59,252448.289,2.017
603225.SH,20210122,37.5767,38.6457,37.4759,38.4642,38.3633,0.10089999999999577,0.263,89076.32,168388.439,2.017
603225.SH,20210125,38.2221,39.3718,37.2742,38.6659,38.4642,0.20170000000000243,0.5244,84980.3,161674.257,2.017
603225.SH,20210126,37.7986,38.323,36.2051,37.7179,38.6659,-0.9480000000000004,-2.4518,78023.73,143807.333,2.017
603225.SH,20210127,37.254,40.2391,37.254,39.1096,37.7179,1.3917000000000002,3.6898,82197.59,159827.545,2.017
603225.SH,20210128,38.1213,39.634,36.1043,36.6085,39.1096,-2.501100000000001,-6.3951,100673.76,187239.501,2.017
603225.SH,20210129,36.9111,37.2943,35.9026,36.7094,36.6085,0.10090000000000288,0.2756,80883.21,146387.156,2.017
603225.SH,20210201,36.064,39.029,35.6606,38.6861,36.7094,1.976700000000001,5.3847,59272.37,111697.068,2.017
603225.SH,20210202,38.7264,39.7349,37.1128,39.1298,38.6861,0.44369999999999976,1.1469,85749.13,163799.31,2.017
603225.SH,20210203,38.9281,42.5789,38.9281,41.5099,39.1298,2.3800999999999988,6.0826,115477.43,235384.791,2.017
603225.SH,20210204,41.0459,42.0545,39.8156,41.0459,41.5099,-0.46399999999999864,-1.1178,111936.03,226952.053,2.017
603225.SH,20210205,40.8442,42.2158,38.7264,40.6425,41.0459,-0.40340000000000487,-0.9828,100454.23,202391.198,2.017
603225.SH,20210208,40.5417,43.4663,39.6744,42.6192,40.6425,1.976700000000001,4.8636,124848.05,260911.277,2.017
603225.SH,20210209,42.6192,44.8783,42.0545,44.6765,42.6192,2.057299999999998,4.8272,103455.8,224471.494,2.017
603225.SH,20210210,44.5555,45.08,42.7201,45.0598,44.6765,0.3833000000000055,0.8579,86821.87,189683.885,2.017
603225.SH,20210218,47.2986,48.408,45.5439,46.3708,45.0598,1.311,2.9095,109425.86,254059.096,2.017
603225.SH,20210219,45.9876,45.9876,41.7721,44.2933,46.3708,-2.0775000000000006,-4.4802,142007.44,310380.6,2.017
603225.SH,20210222,44.1723,46.7541,44.1723,44.7169,44.2933,0.4236000000000004,0.9564,100659.96,226824.859,2.017
603225.SH,20210223,44.253,46.3507,43.3655,44.4748,44.7169,-0.24210000000000065,-0.5414,75145.84,167477.8,2.017
603225.SH,20210224,44.374,46.391,42.1553,42.357,44.4748,-2.1178000000000026,-4.7618,100785.88,222120.358,2.017
603225.SH,20210225,42.6192,45.322,42.357,42.9621,42.357,0.6051000000000002,1.4286,111535.73,241008.155,2.017
603225.SH,20210226,41.1266,42.2561,39.1701,39.3315,42.9621,-3.630600000000001,-8.4507,116828.32,233252.621,2.017
603225.SH,20210301,40.2997,40.7837,39.15,39.7349,39.3315,0.40340000000000487,1.0256,125025.77,247696.15,2.017
603225.SH,20210302,40.1181,41.1468,38.6861,39.513,39.7349,-0.2219000000000051,-0.5585,121107.74,239464.679,2.017
603225.SH,20210303,39.1298,40.0173,38.7466,39.1096,39.513,-0.40339999999999776,-1.0209,50086.71,97763.985,2.017
603225.SH,20210304,39.1298,39.3113,36.6691,37.0725,39.1096,-2.0371000000000024,-5.2087,85695.11,158740.254,2.017
603225.SH,20210305,37.0725,37.5162,35.9228,36.6085,37.0725,-0.46399999999999864,-1.2516,49403.88,90076.037,2.017
603225.SH,20210308,37.8188,37.8188,35.6,35.8017,36.6085,-0.8068000000000026,-2.2039,51507.96,92509.475,2.017
603225.SH,20210309,36.1446,36.1446,32.272,32.9779,35.8017,-2.8237999999999985,-7.8873,160137.01,266050.395,2.017
603225.SH,20210310,33.2402,33.8654,32.3325,32.9174,32.9779,-0.060499999999997556,-0.1835,102719.82,168700.638,2.017
603225.SH,20210311,33.0385,33.9058,32.4334,33.7242,32.9174,0.8068000000000026,2.451,53231.64,88333.753,2.017
603225.SH,20210312,33.9461,34.6319,33.2805,34.3293,33.7242,0.6051000000000002,1.7943,50302.34,84759.524,2.017
603225.SH,20210315,34.0873,34.2083,33.1393,33.6234,34.3293,-0.7059000000000069,-2.0563,36119.04,60122.881,2.017
603225.SH,20210316,34.168,34.1882,33.1796,33.3007,33.6234,-0.32269999999999754,-0.9597,29743.31,49373.304,2.017
603225.SH,20210317,33.0183,34.9143,32.8973,34.7529,33.3007,1.4521999999999977,4.3609,49119.18,83316.987,2.017
603225.SH,20210318,34.4907,36.2657,34.3899,35.3782,34.7529,0.6253000000000029,1.7993,48608.1,85188.2,2.017
603225.SH,20210319,34.3293,35.1966,33.2402,33.6032,35.3782,-1.7749999999999986,-5.0172,36202.34,61052.239,2.017
603225.SH,20210322,33.3007,34.4907,33.1393,33.8049,33.6032,0.20170000000000243,0.6002,29934.7,50077.618,2.017
603225.SH,20210323,33.3007,33.9864,32.4939,32.9174,33.8049,-0.8875000000000028,-2.6254,54205.59,88537.252,2.017
603225.SH,20210324,33.0183,33.0183,31.203,31.5661,32.9174,-1.351300000000002,-4.1051,62629.58,98610.973,2.017
603225.SH,20210325,32.1308,32.6351,31.6467,32.03,31.5661,0.4639000000000024,1.4696,36073.07,57398.055,2.017
603225.SH,20210326,31.9089,32.5745,31.6669,32.3728,32.03,0.3427999999999969,1.0702,30423.0,48527.158,2.017
603225.SH,20210329,32.4737,32.9779,31.7476,32.6552,32.3728,0.28240000000000265,0.8723,34354.05,55271.52,2.017
603225.SH,20210330,32.9578,33.9461,32.1711,33.7242,32.6552,1.0690000000000026,3.2736,47398.32,78140.385,2.017
603225.SH,20210331,33.6032,33.9461,32.8166,33.4822,33.7242,-0.24200000000000443,-0.7176,38774.88,64339.967,2.017
603225.SH,20210401,33.341,34.41,32.5745,32.8166,33.4822,-0.6655999999999977,-1.9879,65051.15,107109.004,2.017
603225.SH,20210402,33.0586,33.5225,32.2922,32.9578,32.8166,0.14119999999999777,0.4303,23321.9,37975.194,2.017
603225.SH,20210406,33.0385,33.5427,32.8166,33.0385,32.9578,0.08070000000000022,0.2449,23804.91,39056.399,2.017
603225.SH,20210407,33.0385,33.462,32.1308,33.341,33.0385,0.302500000000002,0.9156,27599.43,44979.59,2.017
603225.SH,20210408,32.6754,33.341,32.393,33.1393,33.341,-0.20170000000000243,-0.605,32813.65,53647.965,2.017
603225.SH,20210409,33.0586,33.0586,31.8484,32.5544,33.1393,-0.5848999999999975,-1.765,50803.3,81664.335,2.017
603225.SH,20210412,32.5544,32.8368,30.497,30.8601,32.5544,-1.694300000000002,-5.2045,55434.4,85568.771,2.017
603225.SH,20210413,30.5575,31.7072,30.5575,31.5055,30.8601,0.6454000000000022,2.0914,30356.26,47143.208,2.017
603225.SH,20210414,31.5055,32.0501,31.1021,31.7274,31.5055,0.221899999999998,0.7043,14903.55,23431.105,2.017
603225.SH,20210415,32.2115,32.7762,31.0416,32.5544,31.7274,0.8270000000000017,2.6066,24127.48,38196.174,2.017
603225.SH,20210416,32.6351,33.3813,31.8283,32.4939,32.5544,-0.06050000000000466,-0.1858,41797.04,67330.529,2.017
603225.SH,20210419,32.9779,33.8049,32.0501,33.4015,32.4939,0.9076000000000022,2.7931,39012.54,64096.746,2.017
603225.SH,20210420,33.9058,34.6521,32.9174,34.1276,33.4015,0.7261000000000024,2.1739,57522.95,96302.223,2.017
603225.SH,20210421,33.9461,34.7126,33.8251,34.2083,34.1276,0.08070000000000022,0.2365,37813.86,64016.245,2.017
603225.SH,20210422,35.3177,35.3177,33.8453,34.7933,34.2083,0.5850000000000009,1.7101,47872.57,81692.122,2.017
603225.SH,20210423,34.7933,34.995,33.8049,34.5512,34.7933,-0.24210000000000065,-0.6958,32338.44,55191.446,2.017
603225.SH,20210426,34.7327,35.9429,34.5915,35.6807,34.5512,1.1295000000000002,3.2691,57928.08,101301.092,2.017
603225.SH,20210427,35.1966,36.1043,34.4907,35.7009,35.6807,0.020199999999995555,0.0566,59486.03,104214.917,2.017
603225.SH,20210428,35.8824,37.5162,35.4387,36.2858,35.7009,0.5849000000000046,1.6383,88842.63,159707.21,2.017
603225.SH,20210429,36.2858,36.4068,35.0756,36.185,36.2858,-0.10079999999999956,-0.2778,49678.69,88179.148,2.017
603225.SH,20210430,35.4185,36.1043,35.0353,35.6606,36.185,-0.5244,-1.4492,39344.0,69388.008,2.017
